,0,1,2,3
0,-4.6377482,-0.5984937,-0.08081076,-4.6243033
1,-4.675973,-0.80989075,-0.03431941,-4.6315355
2,-4.5283656,-0.67195714,-0.012053393,-4.619647
3,-4.591789,-0.58031285,-0.15898311,-4.709033
4,-4.4990067,-0.6347871,-0.31744137,-4.8859186
5,-4.590216,-0.64752203,-0.025470108,-4.5908475
6,-4.632138,-0.6956108,0.10070743,-4.4743743
7,-4.5404916,-0.5749714,-0.060553055,-4.6232347
8,-4.5031757,-0.5372687,0.051419154,-4.509917
9,-4.6624036,-0.69282186,-0.07833803,-4.5966296
10,-4.478291,-0.5211499,-0.35436532,-4.856705
11,-4.4054723,-0.43888035,-0.3838907,-4.956586
12,-4.703081,-0.73416466,0.029710732,-4.5540533
13,-4.4983635,-0.55110615,-0.024176657,-4.593932
14,-4.561609,-0.68196094,0.0035757497,-4.6439533
15,-4.471956,-0.5339236,-0.115791574,-4.7730756
16,-4.661623,-0.73318946,0.039474282,-4.6371136
17,-4.530358,-0.4836275,-0.17166388,-4.802798
18,-4.609634,-0.59448665,-0.15785787,-4.7360706
19,-4.5575986,-0.6301079,0.022091663,-4.513259
20,-4.744,-0.7148399,-0.07142844,-4.6842856
21,-4.5655947,-0.57354635,-0.07927435,-4.597217
22,-4.5249887,-0.6507181,-0.102590874,-4.687333
23,-4.715591,-0.7322095,-0.24558046,-4.867502
24,-4.654873,-0.68566746,-0.01158423,-4.514529
25,-4.5771337,-0.6448524,-0.15503506,-4.710176
26,-4.5498095,-0.517342,0.03227072,-4.5981784
27,-4.641684,-0.7001749,-0.04668747,-4.631998
28,-4.4523497,-0.5309436,-0.19888522,-4.801745
29,-4.570402,-0.62995535,-0.12916097,-4.7866507
30,-4.631546,-0.70419735,-0.288876,-4.9183893
31,-4.5284257,-0.5464815,0.04617568,-4.58218
32,-4.505559,-0.53496206,-0.1591384,-4.7580185
33,-4.6693363,-0.70114106,0.263753,-4.3784995
34,-4.667138,-0.71825737,-0.1566585,-4.693692
35,-4.3865767,-0.34220713,-0.2965329,-4.8676972
36,-4.681492,-0.77558196,0.1552153,-4.4498706
37,-4.463615,-0.5396964,-0.07671805,-4.602494
38,-4.6302876,-0.62598616,-0.082952805,-4.6581826
39,-4.563574,-0.5621025,-0.16255084,-4.773919
40,-4.5756598,-0.5586399,-0.024414144,-4.56643
41,-4.574249,-0.6236136,0.14593102,-4.5143037
42,-4.538474,-0.6341741,-0.038058646,-4.6011686
43,-4.508998,-0.50388145,0.0035723038,-4.5568304
44,-4.5309515,-0.6155801,-0.09811592,-4.7157464
45,-4.4803057,-0.48594263,-0.20846677,-4.7433076
46,-4.6523643,-0.703794,-0.10897359,-4.76559
47,-4.660577,-0.7403946,0.06371859,-4.532947
48,-4.501991,-0.5400522,-0.09468283,-4.6432843
49,-4.6327085,-0.625585,-0.044050902,-4.6465945
50,-4.350394,-0.29456457,-0.4191522,-4.916836
51,-4.4729495,-0.5662284,0.017619252,-4.5837073
52,-4.5604534,-0.69968164,0.010649808,-4.619363
53,-4.5598693,-0.5798434,-0.25613272,-4.7575994
54,-4.516822,-0.5894444,-0.02047661,-4.5731053
55,-4.6055,-0.6457713,0.115981214,-4.5048666
56,-4.5429616,-0.64204097,-0.05704453,-4.657413
57,-4.414509,-0.47599053,-0.15748885,-4.7862825
58,-4.522561,-0.5403777,-0.12601537,-4.7777047
59,-4.447727,-0.39463905,-0.18902111,-4.7663636
60,-4.7226386,-0.7671009,-0.0016144477,-4.661959
61,-4.3978395,-0.3402658,-0.11856507,-4.733622
62,-4.503636,-0.3861794,-0.24417946,-4.80298
63,-4.4615936,-0.42823404,-0.15743095,-4.770588
64,-4.5462317,-0.545781,-0.14254156,-4.7391453
65,-4.5398393,-0.61528987,-0.05457371,-4.6088386
66,-4.3635893,-0.30647045,-0.34253582,-4.889554
67,-4.3469152,-0.4005853,-0.160245,-4.7204647
68,-4.5953007,-0.6315239,0.112398446,-4.4944835
69,-4.5002537,-0.58695376,-0.05770851,-4.6038227
70,-4.604002,-0.7028267,-0.19504915,-4.7352114
71,-4.687666,-0.80246454,-0.005731672,-4.6101665
72,-4.7976313,-0.88588834,-0.01562335,-4.710282
73,-4.392094,-0.44428173,-0.09972799,-4.6696486
74,-4.4790883,-0.4658721,-0.31247863,-4.9588947
75,-4.674676,-0.84958637,0.11965521,-4.4744787
76,-4.494361,-0.40870667,-0.19384499,-4.784017
77,-4.624064,-0.68906605,0.07254069,-4.515818
78,-4.560924,-0.72399884,-0.033251047,-4.604027
79,-4.559263,-0.67911464,-0.07301866,-4.621297
80,-4.5568438,-0.71383905,0.02952604,-4.610856
81,-4.6160603,-0.5652208,-0.22773685,-4.8265367
82,-4.7183557,-0.6394963,-0.17286965,-4.7770643
83,-4.6046762,-0.58278316,-0.22373407,-4.818722
84,-4.6321964,-0.7301257,-0.03816703,-4.712182
85,-4.4811707,-0.44139177,-0.021321088,-4.6168714
86,-4.5717535,-0.56349725,-0.28539377,-4.9053946
87,-4.664423,-0.7138816,0.12426698,-4.563504
88,-4.6607785,-0.844537,0.05005938,-4.587458
89,-4.5023413,-0.5056833,-0.24504495,-4.8840637
90,-4.5316973,-0.4286553,-0.03301339,-4.619052
91,-4.6194506,-0.623175,-0.021175206,-4.5203342
92,-4.50119,-0.55474675,-0.028772857,-4.572355
93,-4.6473026,-0.68575656,0.16529457,-4.478962
94,-4.490903,-0.41860282,-0.09124813,-4.6725693
95,-4.599288,-0.55197066,-0.013297275,-4.6351023
96,-4.674134,-0.6547386,-0.01303228,-4.6469436
97,-4.6163983,-0.64267933,-0.015897647,-4.644685
98,-4.6470118,-0.72252506,-0.011867933,-4.5467587
99,-4.560295,-0.7186847,-0.19882636,-4.8272862
100,-4.51841,-0.48277104,0.050589666,-4.6113853
101,-4.846462,-0.83513224,0.09807339,-4.4831176
102,-4.6820908,-0.7008439,0.023762159,-4.6293454
103,-4.701434,-0.66337925,0.08973306,-4.5463243
104,-4.6182942,-0.6695689,0.11818077,-4.494498
105,-4.598217,-0.6389595,-0.18434682,-4.7628455
106,-4.5699553,-0.5624318,0.058214657,-4.568881
107,-4.477856,-0.4982199,-0.16845402,-4.7422266
108,-4.571105,-0.691798,-0.32173386,-4.9760466
109,-4.511598,-0.45804286,-0.0827105,-4.6548367
110,-4.609007,-0.7519478,-0.057071712,-4.6087756
111,-4.4576974,-0.33245552,-0.1563708,-4.813096
112,-4.50973,-0.43448672,-0.15402672,-4.7925205
113,-4.5324273,-0.51659125,0.07438153,-4.532988
114,-4.336171,-0.305935,-0.07219136,-4.55985
115,-4.6671343,-0.6765343,-0.14342761,-4.713215
116,-4.462709,-0.5149749,-0.13228935,-4.6957107
117,-4.581746,-0.55139476,-0.21602312,-4.8584957
118,-4.6429157,-0.5382746,-0.2730967,-4.8773713
119,-4.616318,-0.67345953,-0.045483224,-4.5735483
120,-4.533484,-0.5067076,-0.25369543,-4.824443
121,-4.507324,-0.50567293,-0.23137286,-4.793833
122,-4.525913,-0.5367125,-0.27096325,-4.8045354
123,-4.4226995,-0.38288328,-0.07031901,-4.6046386
124,-4.607142,-0.6140427,-0.09599319,-4.725433
125,-4.6083655,-0.60542977,-0.030951012,-4.6431026
126,-4.550653,-0.5944234,-0.084615,-4.682523
127,-4.459137,-0.49084663,-0.044582106,-4.537152
128,-4.561301,-0.6145065,-0.041981302,-4.5775375
129,-4.489704,-0.43335503,-0.21389215,-4.768559
130,-4.512608,-0.53813875,-0.12623909,-4.727218
131,-4.5007625,-0.6631205,-0.15467754,-4.7256513
132,-4.5216813,-0.55842614,-0.18060175,-4.8080544
133,-4.531635,-0.6877316,-0.059340283,-4.731765
134,-4.4113636,-0.38348758,-0.1381686,-4.6318736
135,-4.484968,-0.49127382,-0.19438908,-4.849462
136,-4.53572,-0.52195865,-0.16970812,-4.6567445
137,-4.6172843,-0.6271105,-0.1038456,-4.7479477
138,-4.7624846,-0.81090295,-0.2921546,-4.901631
139,-4.828015,-0.8264643,0.07758228,-4.5424166
140,-4.558035,-0.545996,0.031845927,-4.592207
141,-4.419614,-0.41803232,-0.19619533,-4.7674537
142,-4.404536,-0.4027752,-0.23850416,-4.868202
143,-4.5729938,-0.58665174,-0.08409416,-4.5550833
144,-4.5391765,-0.55568755,-0.19130942,-4.780172
145,-4.716999,-0.6813434,0.028306445,-4.5747523
146,-4.61669,-0.7261491,-0.10748209,-4.6671886
147,-4.516519,-0.5580251,-0.069813654,-4.674854
148,-4.523908,-0.5347237,-0.08834686,-4.6633444
149,-4.3997593,-0.35497755,-0.12794209,-4.5895233
150,-4.6704626,-0.6576288,-0.15472804,-4.761987
151,-4.491246,-0.481757,0.13943648,-4.4739504
152,-4.561685,-0.598284,-0.27838674,-4.867447
153,-4.4209285,-0.42577738,-0.123311326,-4.7083573
154,-4.5243497,-0.5659618,-0.0949476,-4.616173
155,-4.5381093,-0.4467159,-0.30402935,-4.919195
156,-4.6793404,-0.75892603,-0.3371284,-4.9105206
157,-4.6246276,-0.6776257,-0.07281107,-4.6899242
158,-4.6323175,-0.65690446,-0.03525822,-4.6584034
159,-4.5011125,-0.5180752,-0.14460588,-4.6992106
160,-4.451155,-0.49562684,0.022183165,-4.5496325
161,-4.381915,-0.38188142,-0.13557075,-4.6758695
162,-4.534935,-0.5369774,-0.16811761,-4.7519774
163,-4.513264,-0.5591593,-0.15204495,-4.7845345
164,-4.7130675,-0.7922192,0.08731319,-4.529834
165,-4.4854436,-0.45934173,-0.07818055,-4.6609006
166,-4.5671134,-0.56051415,-0.08656606,-4.722862
167,-4.6560197,-0.7392384,-0.10234802,-4.7176967
168,-4.627289,-0.65766853,-0.25403023,-4.762773
169,-4.4131207,-0.5148695,-0.04123006,-4.6356406
170,-4.613619,-0.7207795,0.19435202,-4.386625
171,-4.4842963,-0.38563812,-0.13898239,-4.7123923
172,-4.61693,-0.6508739,-0.24334615,-4.8693957
173,-4.6795096,-0.63121057,0.01743976,-4.5469427
174,-4.704432,-0.7352202,-0.101297066,-4.778622
175,-4.4540577,-0.41905653,-0.2600938,-4.766313
176,-4.4891806,-0.48899722,-0.039751425,-4.638125
177,-4.509442,-0.3762801,-0.22639881,-4.7295327
178,-4.5130544,-0.6453978,0.06823869,-4.5496945
179,-4.531621,-0.5213561,-0.19501102,-4.790931
180,-4.688186,-0.7010593,0.0012546182,-4.577465
181,-4.6659746,-0.6720104,-0.023293085,-4.645826
182,-4.4844084,-0.4948338,-0.0006508678,-4.6421995
183,-4.69486,-0.73622113,-0.15648772,-4.8137603
184,-4.3799224,-0.4680573,-0.17554475,-4.773502
185,-4.5328617,-0.56974804,-0.10864475,-4.619786
186,-4.718411,-0.73400974,-0.16550815,-4.7672133
187,-4.3707523,-0.32474485,-0.2908913,-4.939133
188,-4.6555486,-0.72208476,-0.05750729,-4.6979876
189,-4.634884,-0.66584045,-0.061503924,-4.62472
190,-4.6953335,-0.6084075,-0.07147519,-4.6292825
191,-4.4941473,-0.48017386,-0.30385205,-4.9327893
192,-4.6054115,-0.68300134,0.13092048,-4.4444084
193,-4.7305684,-0.67455095,-0.28943092,-4.8370256
194,-4.7904553,-0.7880804,-0.037237898,-4.6656427
195,-4.6598244,-0.75524753,0.12248008,-4.525674
196,-4.6913295,-0.72676444,-0.12094999,-4.6926227
197,-4.505405,-0.64623666,0.028688133,-4.5056324
198,-4.380523,-0.46293736,-0.20803314,-4.829989
199,-4.6062202,-0.72467655,-0.0075916955,-4.6312666
200,-4.5276628,-0.53525865,0.010901004,-4.53447
201,-4.5706863,-0.5318688,-0.10411649,-4.617811
202,-4.639911,-0.66866124,-0.19933657,-4.7724347
203,-4.5328903,-0.5559166,-0.21119425,-4.81167
204,-4.666731,-0.6260607,-0.116037846,-4.7820444
205,-4.357417,-0.32491037,-0.117427014,-4.6264577
206,-4.440442,-0.4848454,-0.030175894,-4.6226797
207,-4.5014825,-0.512358,0.18569744,-4.4237604
208,-4.496151,-0.4845784,0.004493065,-4.539929
209,-4.4279056,-0.47629383,-0.072595336,-4.6009674
210,-4.3894157,-0.3199516,-0.2754074,-4.8014665
211,-4.5465026,-0.5057461,0.0018552579,-4.5974994
212,-4.5911326,-0.57426316,-0.13560997,-4.7150397
213,-4.3406487,-0.2713142,-0.14988993,-4.786818
214,-4.561498,-0.6982726,0.07527321,-4.5262156
215,-4.676695,-0.78357893,0.042908803,-4.576688
216,-4.7107735,-0.6113199,-0.009274758,-4.6637115
217,-4.4724674,-0.49380475,-0.15217327,-4.7523837
218,-4.4876723,-0.4919568,-0.07753368,-4.6174293
219,-4.4145823,-0.44202065,-0.16964547,-4.780274
220,-4.5762215,-0.58839726,-0.02790148,-4.622472
221,-4.5947676,-0.55024934,-0.023821415,-4.661123
222,-4.5823007,-0.56440157,-0.031185728,-4.6454744
223,-4.571101,-0.64428794,0.012954015,-4.5551414
224,-4.4839764,-0.45104116,-0.18641421,-4.788528
225,-4.6106215,-0.64725286,-0.10171491,-4.6454864
226,-4.4246664,-0.5017475,-0.035702463,-4.6007843
227,-4.411152,-0.48363423,-0.14234234,-4.724345
228,-4.5113115,-0.47755602,-0.095582195,-4.7274394
229,-4.6991897,-0.78380215,0.15482956,-4.4706445
230,-4.444799,-0.5196122,0.003777864,-4.603493
231,-4.501727,-0.53533375,-0.15679353,-4.7895584
232,-4.6473975,-0.62488335,-0.1733475,-4.810785
233,-4.5695434,-0.594192,-0.1291376,-4.7381763
234,-4.60832,-0.6154947,-0.12904955,-4.7027726
235,-4.611656,-0.6637565,-0.12549046,-4.718653
236,-4.565884,-0.616724,0.005954694,-4.5228224
237,-4.4111333,-0.32166803,-0.22697663,-4.751958
238,-4.5805,-0.5763998,-0.10974939,-4.7480955
239,-4.500475,-0.52218515,-0.0026554242,-4.5911646
240,-4.455899,-0.5712647,0.12929806,-4.4801035
241,-4.6288795,-0.5887896,-0.09513292,-4.764477
242,-4.5194907,-0.521844,-0.20288317,-4.739617
243,-4.6326685,-0.6112964,-0.13101774,-4.619314
244,-4.4945207,-0.5485157,-0.11540047,-4.684168
245,-4.545447,-0.65945214,-0.088403165,-4.7185187
246,-4.557492,-0.5840321,-0.09237604,-4.6950135
247,-4.728221,-0.7356899,-0.08183751,-4.6933413
248,-4.673607,-0.6879118,0.039395913,-4.521636
249,-4.4430575,-0.501703,2.4706125e-05,-4.602842
250,-4.4739194,-0.4923796,0.025701003,-4.522422
251,-4.474195,-0.41012746,-0.10189176,-4.694301
252,-4.553277,-0.5656732,-0.12195596,-4.672104
253,-4.70914,-0.80507475,0.07329129,-4.537653
254,-4.496899,-0.60666543,-0.03638295,-4.629894
255,-4.44823,-0.44209534,-0.20650528,-4.8105655
256,-4.5722833,-0.54407054,0.116894364,-4.557042
257,-4.58267,-0.5190609,-0.33295858,-4.9218483
258,-4.41203,-0.34316668,-0.1141972,-4.665808
259,-4.596017,-0.6618111,-0.016527116,-4.658019
260,-4.598571,-0.57122207,-0.2938627,-4.8733726
261,-4.501834,-0.5148813,-0.12775084,-4.7398434
262,-4.6961436,-0.69114745,0.091743454,-4.4614477
263,-4.4470673,-0.38189846,-0.20938043,-4.747156
264,-4.6332026,-0.67072046,-0.121862724,-4.681211
265,-4.387826,-0.37864214,-0.24130459,-4.7691326
266,-4.543078,-0.6948992,-0.2192677,-4.8473325
267,-4.6845737,-0.6538863,0.009234935,-4.565376
268,-4.6400642,-0.6250327,-0.07256487,-4.699744
269,-4.515043,-0.540671,-0.017457081,-4.653859
270,-4.607068,-0.5194895,-0.15601517,-4.742691
271,-4.6982756,-0.7863047,-0.029845001,-4.6460667
272,-4.632032,-0.7444966,-0.05921615,-4.661351
273,-4.637093,-0.65104175,-0.25227183,-4.835403
274,-4.5558743,-0.6202445,0.0035974681,-4.57758
275,-4.4196334,-0.5059755,-0.07171611,-4.7036695
276,-4.42416,-0.37873065,-0.17409149,-4.655435
277,-4.700028,-0.77223045,-0.08468724,-4.7853312
278,-4.5379267,-0.6440248,-0.018756479,-4.596537
279,-4.5122395,-0.5485791,-0.11202627,-4.6838794
280,-4.6264606,-0.65201384,-0.07225761,-4.62244
281,-4.5297627,-0.5015234,0.0040917844,-4.566244
282,-4.5536633,-0.56413627,-0.15565129,-4.743264
283,-4.5019355,-0.60229486,0.010355648,-4.547547
284,-4.62088,-0.68023,-0.03223473,-4.698974
285,-4.4050155,-0.46187454,-0.23981485,-4.807453
286,-4.4774313,-0.49453765,-0.16183555,-4.7593484
287,-4.6012692,-0.6532028,-0.06649764,-4.670902
288,-4.532666,-0.5527621,0.037688155,-4.575067
289,-4.621028,-0.59165245,0.13660526,-4.5313993
290,-4.4542475,-0.45175955,-0.021753326,-4.606361
291,-4.3239093,-0.33782226,-0.20336623,-4.795241
292,-4.6589227,-0.6824803,0.037606973,-4.523069
293,-4.6234126,-0.582773,-0.064000405,-4.699277
294,-4.550095,-0.5765334,-0.09110698,-4.6762443
295,-4.716689,-0.7873645,0.05419005,-4.5997276
296,-4.6130304,-0.5435284,-0.027436018,-4.6796737
297,-4.6621366,-0.6860871,0.055671576,-4.560633
298,-4.536248,-0.648473,-0.0803601,-4.6762376
299,-4.703536,-0.7157733,-0.070249915,-4.6613417
300,-4.5944104,-0.7033273,-0.13605522,-4.722521
301,-4.605529,-0.71254355,0.18138263,-4.4345403
302,-4.5888724,-0.5591246,0.07418653,-4.561088
303,-4.45558,-0.4424899,-0.14788295,-4.7951136
304,-4.6089163,-0.61744946,0.04430314,-4.53249
305,-4.566771,-0.6125193,-0.16274774,-4.770315
306,-4.56054,-0.6106311,0.08055204,-4.5433784
307,-4.5417957,-0.54571664,-0.20860943,-4.7476397
308,-4.521702,-0.6403394,-0.0038839323,-4.6275835
309,-4.6260195,-0.69816726,0.09745053,-4.546214
310,-4.6291876,-0.70362777,-0.047947392,-4.6568947
311,-4.6378684,-0.7547981,0.2022994,-4.414676
312,-4.5603485,-0.75406736,0.060848363,-4.5911264
313,-4.405349,-0.4292767,-0.15580851,-4.732542
314,-4.4906545,-0.4825696,-0.23881559,-4.8630147
315,-4.5028725,-0.6055235,-0.08639599,-4.67535
316,-4.61346,-0.665866,-0.017045133,-4.634721
317,-4.5516562,-0.55355716,-0.037680984,-4.585355
318,-4.6062174,-0.6634438,-0.006264381,-4.591972
319,-4.57187,-0.583836,-0.023810603,-4.6719394
320,-4.6404495,-0.60675365,-0.08799127,-4.689167
321,-4.3963137,-0.5035408,0.010597378,-4.5567837
322,-4.4437523,-0.62293214,-0.0501086,-4.6253653
323,-4.622125,-0.56144214,-0.021172121,-4.735635
324,-4.4129443,-0.4160012,-0.32176447,-4.950539
325,-4.5133467,-0.49315232,-0.1290849,-4.677454
326,-4.4693904,-0.45483097,-0.031103663,-4.687362
327,-4.637864,-0.62094283,-0.06883012,-4.7050705
328,-4.5753803,-0.5255172,-0.11980515,-4.7225466
329,-4.5686607,-0.56986517,-0.07504439,-4.615829
330,-4.507811,-0.6237977,0.082803495,-4.535968
331,-4.589833,-0.550694,-0.24818188,-4.8127136
332,-4.6286626,-0.5606274,-0.24080941,-4.8394294
333,-4.524391,-0.5387571,-0.06233077,-4.6568694
334,-4.5728755,-0.66998434,-0.19144428,-4.778849
335,-4.474464,-0.51964974,-0.17300093,-4.7222376
336,-4.479042,-0.47095788,-0.15780053,-4.7581124
337,-4.695419,-0.7340316,-0.22209135,-4.7658496
338,-4.43038,-0.45881915,0.007014036,-4.5935335
339,-4.604544,-0.6283428,-0.13975911,-4.6471043
340,-4.615,-0.6340895,-0.07079168,-4.6586623
341,-4.575843,-0.63027424,-0.005090613,-4.6094584
342,-4.673151,-0.70805824,0.0446219,-4.564037
343,-4.380115,-0.39805317,-0.13400581,-4.725161
344,-4.5482707,-0.5477001,-0.16151252,-4.7563634
345,-4.5914993,-0.653222,-0.01196295,-4.5824184
346,-4.459144,-0.50304544,-0.06570675,-4.6476827
347,-4.474677,-0.5133005,-0.11204558,-4.6593256
348,-4.5251546,-0.6557996,-0.055716515,-4.57702
349,-4.6794477,-0.6709849,-0.019007236,-4.5651555
350,-4.5660405,-0.5270602,-0.13670126,-4.7199974
351,-4.592934,-0.6468443,-0.05829757,-4.709366
352,-4.546153,-0.56144816,-0.02327311,-4.623172
353,-4.542242,-0.50166017,-0.14956184,-4.7469873
354,-4.5724583,-0.65847903,0.03582868,-4.5949965
355,-4.6590133,-0.6275089,-0.15526594,-4.73353
356,-4.6756654,-0.6002677,-0.17918634,-4.8351803
357,-4.5137057,-0.568473,-0.22762221,-4.8058515
358,-4.501395,-0.51468176,-0.15247026,-4.6919975
359,-4.50082,-0.5312661,-0.17109463,-4.734199
360,-4.633639,-0.7064319,-0.002543373,-4.6282525
361,-4.4371634,-0.407528,-0.28191078,-4.859754
362,-4.410363,-0.40549535,-0.0814153,-4.6916423
363,-4.5960264,-0.48815662,-0.15923518,-4.745384
364,-4.7338047,-0.7037544,0.044424444,-4.545508
365,-4.533729,-0.65222514,-0.05630919,-4.6061134
366,-4.576985,-0.4641343,-0.09425107,-4.6591034
367,-4.4794927,-0.5140098,-0.05402671,-4.597711
368,-4.584268,-0.576147,0.0778728,-4.5818095
369,-4.516046,-0.4850886,-0.056400895,-4.6735396
370,-4.5730834,-0.5972901,0.013514829,-4.564771
371,-4.7629995,-0.78129095,0.05487992,-4.538095
372,-4.619574,-0.6870859,-0.3592316,-4.984407
373,-4.5497885,-0.57466465,-0.21953443,-4.8155956
374,-4.5208573,-0.53414434,-0.14095119,-4.7274694
375,-4.6158338,-0.60515493,-0.18989506,-4.8168573
376,-4.512737,-0.45226017,-0.17357615,-4.710227
377,-4.501328,-0.63260406,0.05117455,-4.5100045
378,-4.507214,-0.48564315,-0.1544931,-4.63874
379,-4.478141,-0.51068926,0.013054118,-4.554764
380,-4.4884953,-0.544325,-0.07039277,-4.642512
381,-4.5157633,-0.48839644,-0.10764925,-4.714568
382,-4.6087847,-0.61356497,0.02693718,-4.5377603
383,-4.5537357,-0.5586509,-0.24466337,-4.8672605
384,-4.6422343,-0.6608969,0.0039570592,-4.5686474
385,-4.562931,-0.5444887,-0.22943968,-4.8866096
386,-4.5679073,-0.5681777,-0.0244741,-4.6431565
387,-4.5715775,-0.59247196,-0.25677636,-4.8637857
388,-4.5997353,-0.6939195,-0.015886374,-4.6708455
389,-4.5117474,-0.53748816,0.020765975,-4.635198
390,-4.5516243,-0.47372288,-0.09525685,-4.7412558
391,-4.5385704,-0.59876156,-0.07180177,-4.641508
392,-4.5865602,-0.59051985,0.12333345,-4.465011
393,-4.515249,-0.5657388,-0.018580116,-4.6415753
394,-4.665394,-0.74034977,0.06526794,-4.593124
395,-4.537288,-0.62289184,-0.015531406,-4.6072755
396,-4.5077877,-0.52479196,0.04055223,-4.5794044
397,-4.602475,-0.49575698,-0.08855229,-4.6398087
398,-4.653817,-0.7056687,0.12622917,-4.472085
399,-4.6792836,-0.70517015,-0.044503745,-4.7403426
400,-4.6114316,-0.62691647,-0.06924611,-4.6626043
401,-4.620737,-0.68154275,-0.051293023,-4.633911
402,-4.5093865,-0.41001308,-0.13670889,-4.749438
403,-4.569679,-0.6843671,0.031777114,-4.5868382
404,-4.546089,-0.6385453,-0.15373096,-4.7130876
405,-4.458783,-0.45315593,0.057453156,-4.506155
406,-4.678968,-0.7570141,0.043373365,-4.5248084
407,-4.563787,-0.6388399,-0.07776424,-4.728969
408,-4.5742426,-0.66369855,-0.27710634,-4.853515
409,-4.6459575,-0.58001435,-0.04435069,-4.648501
410,-4.5338497,-0.54981,-0.10140714,-4.6249714
411,-4.635846,-0.7412955,-0.33633572,-4.893943
412,-4.574518,-0.64665174,-0.049922712,-4.596507
413,-4.640842,-0.66834474,-0.18195304,-4.8066196
414,-4.6892977,-0.70154387,0.022459202,-4.597539
415,-4.5723243,-0.53101474,-0.076544456,-4.6850066
416,-4.752687,-0.6503386,-0.1621858,-4.739404
417,-4.4565253,-0.4996828,-0.040760398,-4.6153207
418,-4.438008,-0.5303175,-0.109302506,-4.7089252
419,-4.519824,-0.55837786,0.093679726,-4.5427628
420,-4.576126,-0.56701034,-0.36198837,-4.9870815
421,-4.4201136,-0.53093964,-0.045847215,-4.6571326
422,-4.5799937,-0.5927528,-0.061842203,-4.6958284
423,-4.606559,-0.5680797,-0.035598643,-4.6312637
424,-4.584027,-0.69185174,-0.11446266,-4.725337
425,-4.546465,-0.580204,-0.14411025,-4.7701387
426,-4.550286,-0.6082845,-0.087952435,-4.7215657
427,-4.607468,-0.6507453,-0.07556228,-4.6582484
428,-4.5683856,-0.71810114,0.054065514,-4.5153785
429,-4.630824,-0.6609832,0.03358805,-4.6238923
430,-4.4843903,-0.5564938,0.04021713,-4.582588
431,-4.6586833,-0.6883227,0.09337134,-4.518516
432,-4.6197104,-0.5862242,-0.13086832,-4.70821
433,-4.5690007,-0.65769273,0.12868367,-4.5292892
434,-4.6941547,-0.7691401,-0.0028553084,-4.568622
435,-4.6245856,-0.68496764,-0.028879035,-4.569105
436,-4.5072765,-0.5406303,-0.13901643,-4.766702
437,-4.349549,-0.24504279,-0.028075993,-4.6321225
438,-4.579894,-0.69287235,-0.07816399,-4.6953955
439,-4.556547,-0.5272033,-0.07496681,-4.5758276
440,-4.6900907,-0.7390828,-0.06901742,-4.6896157
441,-4.4497795,-0.42405096,-0.2924653,-4.8315334
442,-4.4772477,-0.41300547,-0.25134423,-4.869177
443,-4.616069,-0.72427297,-0.026475087,-4.5965757
444,-4.5877185,-0.4834475,-0.07644954,-4.614787
445,-4.4676495,-0.5355691,-0.14345637,-4.7331796
446,-4.7141275,-0.8044944,-0.051086724,-4.747947
447,-4.4443026,-0.4994409,-0.14561236,-4.716478
448,-4.579714,-0.6177231,-0.17254102,-4.7008085
449,-4.532594,-0.4618148,-0.07617307,-4.640716
450,-4.6617002,-0.6831413,0.060772732,-4.5483665
451,-4.492222,-0.51372343,-0.07129436,-4.634984
452,-4.563019,-0.56126773,0.058861114,-4.6133757
453,-4.3818307,-0.33838588,-0.21906736,-4.785385
454,-4.6558666,-0.69117296,0.0692881,-4.463716
455,-4.550901,-0.5615849,-0.029516373,-4.6315546
456,-4.5462723,-0.53076345,-0.0024638819,-4.552909
457,-4.587426,-0.59588474,-0.25926587,-4.879909
458,-4.501261,-0.5141874,-0.057693176,-4.595643
459,-4.6240106,-0.58528244,-0.04853682,-4.7481737
460,-4.5332847,-0.4900553,-0.0539225,-4.642769
461,-4.653982,-0.70622224,0.05128629,-4.5404506
462,-4.570283,-0.5941088,-0.037342113,-4.6324224
463,-4.5392714,-0.540785,0.16057053,-4.4113436
464,-4.5241327,-0.5807736,-0.1332791,-4.7685194
465,-4.585595,-0.7160648,0.03729388,-4.564352
466,-4.6371584,-0.5899115,-0.09251732,-4.7100973
467,-4.495336,-0.62779605,-0.14341953,-4.7602224
468,-4.688968,-0.669393,0.0005223006,-4.6350584
469,-4.5465164,-0.64240783,-0.1610401,-4.7473626
470,-4.6360083,-0.70725274,0.13357012,-4.461227
471,-4.4988127,-0.50205344,-0.06358488,-4.6839314
472,-4.525118,-0.59080845,0.090992905,-4.5466757
473,-4.673993,-0.7255324,0.06711402,-4.5431666
474,-4.4659657,-0.36341834,-0.32930934,-4.861979
475,-4.562521,-0.63528717,-0.22744709,-4.779573
476,-4.635644,-0.6871089,-0.08727999,-4.616444
477,-4.39788,-0.4371462,0.03882371,-4.626552
478,-4.538191,-0.5453125,-0.13278843,-4.673666
479,-4.571044,-0.69916534,0.12172437,-4.5112567
480,-4.5676136,-0.5708587,0.07322577,-4.5091267
481,-4.456144,-0.5099131,0.031484112,-4.516304
482,-4.498982,-0.4734323,-0.15737407,-4.6478267
483,-4.5790386,-0.61084104,0.030503154,-4.632796
484,-4.447587,-0.48648897,-0.042831592,-4.56382
485,-4.7122455,-0.75406694,0.06646365,-4.576001
486,-4.7089186,-0.64598197,-0.11973515,-4.729747
487,-4.503821,-0.51079166,-0.2521022,-4.816346
488,-4.642954,-0.6172436,-0.15982555,-4.781273
489,-4.5534763,-0.58275723,-0.006180493,-4.5893607
490,-4.36194,-0.38260654,-0.0992178,-4.718419
491,-4.757479,-0.87352717,-0.036368623,-4.6700807
492,-4.659371,-0.6323246,0.057156205,-4.537084
493,-4.603381,-0.62965673,0.013351925,-4.59173
494,-4.5101795,-0.6031655,-0.016538704,-4.6204953
495,-4.6281185,-0.6950125,0.07846263,-4.5323496
496,-4.534741,-0.5454474,-0.100888364,-4.6942797
497,-4.4626656,-0.4171822,-0.21899427,-4.75841
498,-4.549096,-0.45836008,-0.1657336,-4.7897716
499,-4.5016904,-0.55727226,-0.17324278,-4.674121
500,-4.425362,-0.42960316,-0.1659343,-4.7184057
501,-4.4543004,-0.5174702,-0.25879642,-4.7538896
502,-4.5884037,-0.62574923,0.055631943,-4.5751734
503,-4.4103155,-0.39831865,-0.041063085,-4.6818767
504,-4.608467,-0.6207445,-0.02619157,-4.5717325
505,-4.343191,-0.30394378,-0.25006047,-4.8938665
506,-4.6828527,-0.75787556,-0.025026508,-4.6469264
507,-4.410741,-0.4428207,-0.20730767,-4.768629
508,-4.493027,-0.49034885,-0.10188459,-4.690612
509,-4.682177,-0.7429913,-0.06828826,-4.740175
510,-4.5377235,-0.61062133,-0.015878677,-4.624888
511,-4.51917,-0.544626,-0.014441937,-4.652238
512,-4.516886,-0.53405505,-0.14700298,-4.7215977
513,-4.6019855,-0.6745435,0.031617224,-4.5795527
514,-4.402732,-0.40491113,-0.15246207,-4.641139
515,-4.523374,-0.53444254,-0.016304672,-4.565868
516,-4.6494994,-0.73881847,-0.39613187,-4.977874
517,-4.5182595,-0.49328825,-0.17689812,-4.727576
518,-4.4902596,-0.49994692,-0.13717279,-4.7222176
519,-4.71558,-0.81505656,0.15419498,-4.497569
520,-4.697899,-0.6926552,-0.104971424,-4.7037063
521,-4.606439,-0.6757363,-0.07224422,-4.6543407
522,-4.442464,-0.5973961,0.15223554,-4.5016932
523,-4.495337,-0.5679968,-0.11065194,-4.6234736
524,-4.5472775,-0.43860954,-0.30826783,-4.886928
525,-4.528715,-0.60610634,-0.07544262,-4.7241573
526,-4.648479,-0.5840328,-0.1624679,-4.7495832
527,-4.5578604,-0.5942999,-0.071722865,-4.6182766
528,-4.6747856,-0.6853681,-0.016780376,-4.6606255
529,-4.535714,-0.5026663,-0.05981856,-4.6552367
530,-4.5216,-0.5231956,-0.1437655,-4.7439623
531,-4.7082376,-0.6641958,0.009612516,-4.5841537
532,-4.508043,-0.4961169,-0.06559591,-4.6936903
533,-4.7337723,-0.8277659,0.03364662,-4.6546335
534,-4.6697907,-0.6861281,0.16350478,-4.4166994
535,-4.3874736,-0.488695,-0.08423555,-4.7013435
536,-4.378407,-0.33300728,-0.1783969,-4.7276173
537,-4.5380282,-0.539328,0.04787199,-4.4883127
538,-4.4418793,-0.5160951,-0.11281629,-4.7535453
539,-4.6005454,-0.5784111,-0.15991026,-4.7664027
540,-4.6178927,-0.61918473,0.098125435,-4.548414
541,-4.599498,-0.73893684,0.16651717,-4.4196134
542,-4.5890975,-0.57019633,-0.05693648,-4.645741
543,-4.563458,-0.62240714,-0.201682,-4.779794
544,-4.630125,-0.68706864,-0.092075035,-4.662212
545,-4.5117073,-0.54656035,-0.32159984,-4.8359675
546,-4.5869055,-0.593866,-0.00017310446,-4.581393
547,-4.530085,-0.56602323,-0.2348566,-4.865685
548,-4.6186576,-0.614211,-0.10538073,-4.707061
549,-4.4568954,-0.49582434,-0.22399917,-4.7759056
550,-4.566417,-0.5565275,-0.051264446,-4.654652
551,-4.6262703,-0.7207209,-0.14083166,-4.8063946
552,-4.6995316,-0.72987014,-0.04628939,-4.6063147
553,-4.7050962,-0.75331056,0.06494305,-4.578761
554,-4.531238,-0.6311227,0.13308327,-4.457436
555,-4.5406914,-0.54037976,0.043534067,-4.5705585
556,-4.4176445,-0.503685,-0.08317399,-4.60744
557,-4.6061325,-0.5789624,-0.2918235,-4.8861732
558,-4.5381055,-0.6094851,0.011403272,-4.625965
559,-4.3113794,-0.36083955,-0.20304112,-4.749514
560,-4.6710114,-0.7980585,0.11219342,-4.4817023
561,-4.59418,-0.6175964,-0.0911559,-4.6413846
562,-4.6374764,-0.5797515,0.035607755,-4.6140904
563,-4.5198364,-0.5779989,-0.044108,-4.6043954
564,-4.7223463,-0.83434963,0.016244084,-4.6182528
565,-4.4333496,-0.4485073,-0.02668082,-4.515445
566,-4.738499,-0.7464623,0.112080514,-4.4411445
567,-4.541789,-0.565388,-0.033419184,-4.700669
568,-4.541334,-0.62227064,0.023834571,-4.585857
569,-4.673425,-0.81356114,-0.18676822,-4.799219
570,-4.4870996,-0.6212996,-0.11076815,-4.6343026
571,-4.314996,-0.375076,-0.23710917,-4.7806797
572,-4.53091,-0.6611254,-0.014103167,-4.6246576
573,-4.6478753,-0.59474564,-0.02133122,-4.6475616
574,-4.4996877,-0.43771306,-0.08071249,-4.729401
575,-4.566737,-0.5571937,-0.18967964,-4.818118
576,-4.5340743,-0.57163686,-0.14970157,-4.669847
577,-4.4894114,-0.53862435,-0.16588867,-4.7072515
578,-4.547557,-0.50659823,0.031989716,-4.4789147
579,-4.5571694,-0.61646014,-0.29007447,-4.8554344
580,-4.463018,-0.5805921,0.04149045,-4.5366035
581,-4.4286532,-0.44281325,-0.41004267,-4.9516096
582,-4.6178126,-0.61060697,-0.10276384,-4.6568522
583,-4.5533123,-0.54379386,0.09407396,-4.5694637
584,-4.5604935,-0.5474051,-0.110251546,-4.7154994
585,-4.476402,-0.6502599,-0.07378535,-4.5998745
586,-4.3799987,-0.41779423,-0.22073841,-4.827679
587,-4.5286493,-0.5830547,-0.014854774,-4.6023335
588,-4.557619,-0.59940714,-0.111522004,-4.629413
589,-4.490944,-0.5207249,-0.29383525,-4.806324
590,-4.7286024,-0.68532723,-0.16613992,-4.796373
591,-4.567898,-0.5797285,-0.050649725,-4.577839
592,-4.6837234,-0.6566711,-0.029715516,-4.679109
593,-4.589156,-0.6827579,-0.038590506,-4.578798
594,-4.468057,-0.45475328,-0.031680778,-4.604056
595,-4.4521375,-0.52778167,0.12894845,-4.5177073
596,-4.7280083,-0.65854776,-0.077552445,-4.7310915
597,-4.5127716,-0.53555614,0.07728437,-4.518274
598,-4.4173837,-0.43023694,-0.19226639,-4.826227
599,-4.5392985,-0.5894831,-0.0588992,-4.6470847
600,-4.6335697,-0.66377383,-0.017516077,-4.639032
601,-4.422694,-0.3944396,-0.15634534,-4.72005
602,-4.596631,-0.6985309,-0.13432461,-4.6941767
603,-4.5766125,-0.6565201,0.025600001,-4.556944
604,-4.5887055,-0.64193666,-0.013468489,-4.6123624
605,-4.569404,-0.4933918,-0.10881819,-4.709353
606,-4.615488,-0.60329455,0.014443651,-4.511581
607,-4.644827,-0.7536175,-0.03186921,-4.7058682
608,-4.4983635,-0.5449444,-0.2871569,-4.7851768
609,-4.6003356,-0.64408666,-0.23190692,-4.8021197
610,-4.593328,-0.5544281,-0.25113907,-4.931519
611,-4.7016153,-0.6573777,-0.18100345,-4.8307934
612,-4.6404057,-0.7559777,-0.0153722465,-4.633524
613,-4.676998,-0.70335174,0.043081425,-4.5851583
614,-4.5844164,-0.5804628,-0.018848868,-4.668603
615,-4.4965224,-0.48817816,-0.055834822,-4.622237
616,-4.577407,-0.5292121,-0.09569983,-4.6644406
617,-4.5839014,-0.6137156,-0.23514365,-4.7663994
618,-4.570671,-0.58505857,-0.025764897,-4.6721253
619,-4.7195673,-0.7809914,-0.24927454,-4.7492795
620,-4.4865413,-0.44377506,-0.31173468,-4.8746295
621,-4.614,-0.56227165,-0.21994993,-4.834831
622,-4.544631,-0.5793203,-0.21134871,-4.7507553
623,-4.734247,-0.7762411,0.02527202,-4.637833
624,-4.6839805,-0.73082995,-0.1461286,-4.7681527
625,-4.6030755,-0.69803846,-0.22550347,-4.838046
626,-4.452413,-0.42896885,-0.21145204,-4.8509164
627,-4.6490026,-0.63804114,0.05486218,-4.5596304
628,-4.5637627,-0.5492131,0.016978852,-4.6205077
629,-4.66537,-0.6851959,-0.11889931,-4.717074
630,-4.491914,-0.540971,-0.07873021,-4.651137
631,-4.659873,-0.71887636,-0.18006498,-4.74473
632,-4.556516,-0.55665624,-0.35813048,-4.8596964
633,-4.70149,-0.71324867,-0.18841241,-4.7625833
634,-4.5167756,-0.56719375,0.030783579,-4.5475397
635,-4.584098,-0.5829167,0.010716308,-4.6342745
636,-4.4893165,-0.53216785,-0.07534504,-4.7420583
637,-4.663962,-0.63398623,0.029153502,-4.5631065
638,-4.5270762,-0.4769298,-0.03091732,-4.5618515
639,-4.563325,-0.55855876,-0.2057747,-4.754849
640,-4.5896053,-0.57609665,-0.21024366,-4.7812996
641,-4.559113,-0.48344344,-0.056007642,-4.622608
642,-4.5190716,-0.627816,-0.12992813,-4.6640353
643,-4.5474877,-0.625124,0.0140607655,-4.6336718
644,-4.5284586,-0.47821903,-0.16176674,-4.7223525
645,-4.5314054,-0.48004097,0.06291098,-4.5333877
646,-4.5326953,-0.6444528,0.06596662,-4.4479737
647,-4.622953,-0.6504717,-0.06352312,-4.6687207
648,-4.4733553,-0.5841197,0.055339806,-4.4561253
649,-4.45286,-0.5504786,0.0049067587,-4.6236305
650,-4.7106094,-0.77409583,0.13999447,-4.488953
651,-4.5800133,-0.5747035,-0.24945313,-4.839263
652,-4.557693,-0.57840425,-0.060430475,-4.6551437
653,-4.5139604,-0.51601565,-0.012409508,-4.596337
654,-4.479534,-0.534342,-0.18012598,-4.766177
655,-4.548328,-0.50116336,-0.088503845,-4.689865
656,-4.5140543,-0.4854069,-0.23471728,-4.7910137
657,-4.420799,-0.40597105,-0.17835034,-4.7466035
658,-4.474834,-0.4354463,-0.061854392,-4.6692057
659,-4.532433,-0.56757957,-0.09196144,-4.657286
660,-4.611577,-0.75209033,-0.084584385,-4.673221
661,-4.618005,-0.51636153,-0.0899248,-4.6942654
662,-4.4601965,-0.41458982,-0.19641832,-4.7685204
663,-4.449486,-0.40475118,-0.132636,-4.730365
664,-4.6439953,-0.6784787,-0.06315758,-4.6150846
665,-4.552342,-0.7014291,-0.0032709613,-4.6295457
666,-4.7062817,-0.647463,-0.02954071,-4.6117373
667,-4.6425986,-0.6959195,-0.18665646,-4.729359
668,-4.6782756,-0.5966883,-0.1777485,-4.77078
669,-4.49012,-0.47047698,-0.21160792,-4.780473
670,-4.452168,-0.4684651,-0.17186996,-4.7819934
671,-4.4737177,-0.56718266,-0.043875143,-4.6441603
672,-4.4768615,-0.57271147,-0.05742051,-4.6794276
673,-4.5771704,-0.717609,0.039592862,-4.6236844
674,-4.505899,-0.60430163,-0.20599107,-4.8750377
675,-4.5792036,-0.73602223,-0.00088596717,-4.654958
676,-4.5262427,-0.63004905,0.04406102,-4.6089263
677,-4.553089,-0.5733643,-0.010318466,-4.5785594
678,-4.583989,-0.5339591,-0.20919654,-4.843423
679,-4.412374,-0.44228464,-0.07145772,-4.620257
680,-4.4799395,-0.4622494,-0.12759644,-4.7424197
681,-4.4270372,-0.33201703,-0.015586458,-4.650021
682,-4.5917954,-0.6433401,-0.28596923,-4.881009
683,-4.5883956,-0.6255644,-0.09668047,-4.6651382
684,-4.564075,-0.6238198,-0.049967274,-4.6523676
685,-4.7212977,-0.62214726,-0.12539233,-4.680752
686,-4.5459266,-0.65417266,0.08343126,-4.5261116
687,-4.4535756,-0.436935,-0.2074889,-4.7499146
688,-4.5055647,-0.507783,-0.21323392,-4.839043
689,-4.58668,-0.54317796,-0.11236104,-4.684888
690,-4.6441255,-0.5680024,-0.3231364,-4.959253
691,-4.555109,-0.5042227,0.021103252,-4.490477
692,-4.4060993,-0.51714677,-0.028575702,-4.645092
693,-4.6584253,-0.5675347,-0.11959444,-4.6745
694,-4.617452,-0.660552,0.020933505,-4.5773406
695,-4.4298315,-0.51165,-0.0012486167,-4.666223
696,-4.6627393,-0.7730667,0.055335514,-4.501995
697,-4.6340265,-0.5857489,-0.12023665,-4.728584
698,-4.493921,-0.5303781,0.027805634,-4.567115
699,-4.4121895,-0.45522988,-0.00024206936,-4.568205
700,-4.53909,-0.59006757,-0.10144973,-4.6785207
701,-4.630357,-0.7312657,0.08663906,-4.529404
702,-4.629612,-0.6073757,-0.03394148,-4.6668363
703,-4.449841,-0.46679482,-0.2542004,-4.8770523
704,-4.543288,-0.6404865,-0.18195489,-4.694822
705,-4.6922503,-0.63653266,0.06365782,-4.553128
706,-4.5753174,-0.6137838,-0.12802872,-4.638463
707,-4.5843997,-0.64328575,0.057729587,-4.5424147
708,-4.652217,-0.6351004,0.09706252,-4.513596
709,-4.5347967,-0.5508602,-0.25143817,-4.7728
710,-4.5456915,-0.6278089,-0.023925483,-4.5760813
711,-4.5917025,-0.6885123,-0.14510933,-4.67411
712,-4.611489,-0.61227566,-0.024122927,-4.65365
713,-4.522108,-0.4877719,0.14785038,-4.446523
714,-4.7243896,-0.60486096,-0.030232318,-4.634598
715,-4.528214,-0.5023764,-0.23223552,-4.859897
716,-4.4806557,-0.44387418,-0.22110462,-4.7361507
717,-4.484314,-0.45302135,-0.1616688,-4.786837
718,-4.523708,-0.5833369,-0.02386106,-4.6377482
719,-4.4855304,-0.5076123,-0.24930117,-4.7852516
720,-4.6101103,-0.66146165,-0.08875724,-4.6830163
721,-4.642278,-0.7549241,0.10864779,-4.458018
722,-4.5918083,-0.6372896,0.0098599885,-4.6006746
723,-4.515192,-0.60512775,-0.16178162,-4.77212
724,-4.502559,-0.57261395,-0.011302993,-4.594131
725,-4.4142756,-0.4603986,-0.30445874,-4.882662
726,-4.513975,-0.48990116,-0.061349727,-4.6541505
727,-4.435702,-0.43875825,-0.28054565,-4.846265
728,-4.5316544,-0.6239463,0.03305774,-4.5561247
729,-4.602431,-0.6856247,0.14391543,-4.4451895
730,-4.469237,-0.55353,-0.12720901,-4.662487
731,-4.4174485,-0.3806347,-0.20103177,-4.752907
732,-4.353157,-0.40373826,-0.13817593,-4.7395167
733,-4.449535,-0.36071694,-0.2401641,-4.834837
734,-4.5902066,-0.5921733,0.030539662,-4.5590525
735,-4.505183,-0.47233647,-0.09800896,-4.703726
736,-4.5899916,-0.5290043,-0.16013832,-4.7073283
737,-4.354143,-0.34525633,-0.14422643,-4.764409
738,-4.5020766,-0.542029,-0.08015482,-4.6258745
739,-4.528317,-0.5355045,-0.058677398,-4.6759806
740,-4.6586494,-0.67397827,-0.040216222,-4.574282
741,-4.6333566,-0.6543152,-0.17148478,-4.8278117
742,-4.648844,-0.64453244,-0.0887367,-4.746081
743,-4.5089192,-0.58788115,-0.17191628,-4.7511687
744,-4.524798,-0.5838944,-0.16265258,-4.7800517
745,-4.5583572,-0.6875586,-0.053913034,-4.5740747
746,-4.610409,-0.5765756,0.11407554,-4.487104
747,-4.7032413,-0.7373538,-0.12858775,-4.7483826
748,-4.4519334,-0.40480778,-0.15387881,-4.7335978
749,-4.7123985,-0.7216745,0.07910594,-4.5611386
750,-4.655743,-0.61094683,-0.22042315,-4.751033
751,-4.4745617,-0.46006578,-0.014214248,-4.6623383
752,-4.6136146,-0.63722646,-0.2680519,-4.769586
753,-4.540702,-0.5072335,-0.09675849,-4.692265
754,-4.4787674,-0.49900758,-0.18712765,-4.711125
755,-4.549356,-0.53397053,-0.21986365,-4.8032675
756,-4.596184,-0.7281451,0.0765886,-4.504587
757,-4.4693155,-0.5705678,-0.073092625,-4.631947
758,-4.6238427,-0.6623813,0.10192171,-4.5595245
759,-4.4968023,-0.54120445,-0.21630758,-4.849955
760,-4.638166,-0.66275,-0.03155691,-4.635347
761,-4.4514956,-0.55708873,-0.08403055,-4.7008595
762,-4.5680227,-0.588874,-0.084054954,-4.658499
763,-4.5517855,-0.56657004,-0.109044656,-4.6679544
764,-4.590141,-0.5250968,0.0018411428,-4.667898
765,-4.294524,-0.38419074,-0.12542205,-4.710204
766,-4.4760156,-0.54445136,-0.00081076473,-4.5217667
767,-4.6925435,-0.6752486,0.14155692,-4.5007706
768,-4.5803566,-0.5798891,-0.052012336,-4.672768
769,-4.5647097,-0.63767344,-0.016452543,-4.63072
770,-4.425175,-0.46889213,-0.07525037,-4.6694474
771,-4.483375,-0.46605334,-0.09957147,-4.6677465
772,-4.6570687,-0.7034305,-0.25725234,-4.882847
773,-4.416852,-0.43725505,-0.03104333,-4.6075416
774,-4.514361,-0.57263184,0.026748624,-4.5268035
775,-4.5832276,-0.6515604,-0.005202651,-4.59253
776,-4.658432,-0.6995757,-0.02278487,-4.675684
777,-4.688477,-0.6733762,0.031775184,-4.5587883
778,-4.618,-0.6102001,-0.14951463,-4.734739
779,-4.488044,-0.5067394,-0.075975575,-4.6341023
780,-4.6967683,-0.7428584,-0.06246622,-4.6202235
781,-4.5620236,-0.7032144,-0.1451053,-4.656265
782,-4.376055,-0.33613154,-0.036982242,-4.60515
783,-4.5179753,-0.5278993,-0.027561128,-4.5610385
784,-4.590088,-0.5281792,-0.33236557,-4.9385715
785,-4.4970756,-0.50215894,0.202969,-4.423326
786,-4.5307817,-0.53764546,-0.050283194,-4.6093607
787,-4.6775165,-0.72468585,-0.1339512,-4.689563
788,-4.745274,-0.6712213,-6.814301e-05,-4.675272
789,-4.561507,-0.65819496,-0.025628507,-4.634437
790,-4.56369,-0.60984474,-0.031796306,-4.677491
791,-4.440228,-0.41858092,-0.12002799,-4.6759777
792,-4.558315,-0.4574859,-0.19954233,-4.794536
793,-4.4764366,-0.47872075,-0.05599006,-4.5957117
794,-4.3717256,-0.39393777,-0.13939379,-4.666536
795,-4.658251,-0.6948463,0.0050343648,-4.612812
796,-4.7028623,-0.70794094,0.088777155,-4.5675306
797,-4.7629495,-0.79184884,0.048092686,-4.579033
798,-4.622478,-0.5857803,-0.022026833,-4.6515794
799,-4.4197235,-0.4653386,-0.15136218,-4.7017264
800,-4.5159225,-0.47555438,0.00086060166,-4.541998
801,-4.647318,-0.6643142,0.084756754,-4.5204334
802,-4.4738708,-0.5088621,-0.10109198,-4.643771
803,-4.62276,-0.7057562,-0.005582842,-4.588417
804,-4.4748497,-0.4625264,-0.14446363,-4.7817664
805,-4.6848087,-0.73879695,-0.14260817,-4.790541
806,-4.3579736,-0.3630662,-0.1892204,-4.738167
807,-4.511401,-0.45970592,-0.14108674,-4.7046227
808,-4.6213317,-0.60137206,-0.22771281,-4.830251
809,-4.6462965,-0.7604487,0.10022271,-4.4364243
810,-4.658686,-0.747198,0.12880823,-4.4716215
811,-4.454059,-0.61685944,-0.2186593,-4.796277
812,-4.5209026,-0.479585,-0.20496327,-4.72175
813,-4.6329246,-0.74700993,0.14461088,-4.440764
814,-4.5830574,-0.5984469,-0.093904376,-4.7304196
815,-4.5791516,-0.6486778,-0.0018406659,-4.571509
816,-4.5042605,-0.59482384,-0.1891127,-4.86104
817,-4.478718,-0.49622947,-0.19488661,-4.701284
818,-4.553619,-0.5949072,-0.0009202361,-4.6323595
819,-4.461127,-0.5251831,-0.008555517,-4.599616
820,-4.5854654,-0.5946568,-0.17066441,-4.7194214
821,-4.4560857,-0.4891578,-0.17663771,-4.7793937
822,-4.6126986,-0.7083804,-0.10835615,-4.6813154
823,-4.689794,-0.66051215,0.13263379,-4.460224
824,-4.7230654,-0.8247871,-0.10802813,-4.71448
825,-4.5538974,-0.5620471,-0.32125568,-4.9094024
826,-4.5320816,-0.48631057,0.12145653,-4.4398084
827,-4.570458,-0.67068696,0.060231455,-4.5474496
828,-4.416315,-0.45897764,-0.08659341,-4.699384
829,-4.526666,-0.6714248,-0.11321103,-4.6997232
830,-4.554226,-0.51359296,-0.2660697,-4.8572693
831,-4.4950566,-0.57812613,-0.10729992,-4.677239
832,-4.523029,-0.6297917,0.06564142,-4.5227804
833,-4.5855017,-0.6237496,-0.028883621,-4.6900544
834,-4.6943793,-0.7563212,0.020714495,-4.639355
835,-4.5198693,-0.45124513,-0.30597004,-4.888416
836,-4.581718,-0.67193705,0.06510991,-4.573301
837,-4.6151547,-0.63774234,-0.33007002,-4.9367566
838,-4.526305,-0.53167737,-0.07819275,-4.650788
839,-4.4927325,-0.5587129,-0.2579526,-4.8270454
840,-4.489166,-0.48693615,-0.14370683,-4.7542953
841,-4.5232787,-0.49259803,-0.18347576,-4.779366
842,-4.626228,-0.7223837,-0.04263928,-4.6399064
843,-4.5102386,-0.5092936,-0.11278107,-4.7303953
844,-4.761034,-0.8189011,0.046257354,-4.5742354
845,-4.5659704,-0.56286514,0.0046048053,-4.5716496
846,-4.621805,-0.61204123,-0.22716318,-4.80219
847,-4.608631,-0.5692953,-0.18003386,-4.697426
848,-4.860952,-0.90933627,0.024232768,-4.6127462
849,-4.540139,-0.5412452,-0.21593478,-4.832738
850,-4.632492,-0.66367733,-0.006257534,-4.592011
851,-4.5402937,-0.59242237,-0.19392315,-4.8070273
852,-4.6081543,-0.58255184,0.1912835,-4.407491
853,-4.5779977,-0.585852,0.06545953,-4.5352907
854,-4.550707,-0.5156305,-0.010075681,-4.567784
855,-4.5485086,-0.58207756,-0.06497559,-4.6087546
856,-4.538867,-0.54602903,-0.36385927,-4.8856072
857,-4.444129,-0.40412188,-0.30949318,-4.841081
858,-4.517549,-0.5036912,0.014051445,-4.597232
859,-4.5105495,-0.62977713,0.023553252,-4.4807615
860,-4.533067,-0.6610674,-0.22716132,-4.833888
861,-4.5756693,-0.62511235,0.011412658,-4.563279
862,-4.5436,-0.5276135,-0.045070726,-4.673446
863,-4.615446,-0.6388986,-0.036264822,-4.698973
864,-4.66711,-0.79454166,0.07820492,-4.543468
865,-4.5849423,-0.54678476,-0.00852699,-4.581415
866,-4.6599126,-0.64767486,-0.16931644,-4.722945
867,-4.505822,-0.50751835,-0.015748277,-4.66564
868,-4.592475,-0.67089796,-0.010717474,-4.611319
869,-4.554509,-0.5067811,-0.19490868,-4.71054
870,-4.827293,-0.91408044,-0.06729146,-4.676834
871,-4.5508523,-0.55311024,-0.07752599,-4.6283917
872,-4.6776,-0.7507769,0.00563854,-4.566848
873,-4.6348524,-0.6179927,0.0054071993,-4.6240234
874,-4.618808,-0.7315278,0.15460493,-4.4944005
875,-4.6253686,-0.5050074,-0.30338106,-4.9514174
876,-4.4891334,-0.49434328,-0.027967222,-4.68099
877,-4.387354,-0.45028788,-0.13333203,-4.70665
878,-4.4836955,-0.50369954,-0.036886007,-4.612977
879,-4.54305,-0.546775,-0.105738275,-4.6493144
880,-4.6489353,-0.6830379,-0.08622001,-4.6711082
881,-4.5470157,-0.58355296,-0.1749647,-4.6770363
882,-4.48924,-0.54751116,-0.1144336,-4.7402005
883,-4.4748487,-0.48989147,-0.22493288,-4.775868
884,-4.6848106,-0.61753666,-0.10014351,-4.6952534
885,-4.4753633,-0.594918,-0.1912158,-4.7881203
886,-4.4805894,-0.52115124,-0.12916379,-4.75721
887,-4.5268793,-0.51161903,-0.11852305,-4.7182274
888,-4.517175,-0.48114935,-0.09843794,-4.6988583
889,-4.615291,-0.6257498,-0.09362005,-4.771539
890,-4.498109,-0.48548564,-0.09135123,-4.6484046
891,-4.517979,-0.60233164,0.07694642,-4.406194
892,-4.649695,-0.69367886,-0.11920646,-4.714604
893,-4.738018,-0.7966398,0.057619795,-4.586655
894,-4.551593,-0.562528,-0.033809733,-4.5902247
895,-4.4897704,-0.50575477,-0.1890865,-4.7906194
896,-4.4023886,-0.47362524,-0.04702744,-4.6342626
897,-4.5124173,-0.6120319,-0.10394869,-4.6973715
898,-4.5968003,-0.57818806,-0.05596934,-4.7043223
899,-4.7000513,-0.74305075,0.01741714,-4.6624584
900,-4.679209,-0.7359058,-0.06674115,-4.6980066
901,-4.7114263,-0.78325295,0.11148247,-4.4882355
902,-4.6005907,-0.65022105,-0.007390484,-4.606819
903,-4.4905386,-0.5419416,-0.053960644,-4.6799383
904,-4.567978,-0.6050337,-0.061808728,-4.6064777
905,-4.670319,-0.6613268,-0.07065059,-4.687272
906,-4.4012265,-0.39094356,-0.20090796,-4.748229
907,-4.4780855,-0.5233592,-0.031141855,-4.635786
908,-4.5049396,-0.5650147,-0.2009491,-4.7170043
909,-4.679194,-0.6313575,-0.034984067,-4.607358
910,-4.564488,-0.5267068,-0.10786748,-4.7036195
911,-4.5015244,-0.51533735,0.1519939,-4.4733396
912,-4.5624704,-0.6360294,-0.0051825345,-4.573545
913,-4.5101037,-0.5356988,-0.12471623,-4.7344275
914,-4.5228434,-0.5872875,0.0006975457,-4.6113544
915,-4.5705605,-0.6527961,-0.16619535,-4.717765
916,-4.469778,-0.4508216,-0.1340116,-4.7263656
917,-4.5614552,-0.5903478,-0.12895745,-4.727242
918,-4.5129876,-0.5038509,-0.22126737,-4.7857976
919,-4.7342124,-0.8687214,-0.01077462,-4.658375
920,-4.598111,-0.57208526,-0.17497663,-4.8096867
921,-4.653449,-0.64508224,-0.044442583,-4.591915
922,-4.744967,-0.66894054,-0.020464454,-4.6766825
923,-4.3985934,-0.41369128,-0.1394625,-4.682344
924,-4.521785,-0.5018406,-0.13139449,-4.7696595
925,-4.586641,-0.5561273,0.06851992,-4.5082355
926,-4.386397,-0.46150136,-0.2220352,-4.7685976
927,-4.7115035,-0.7780102,-0.10350126,-4.6539326
928,-4.613586,-0.5507039,-0.039597526,-4.693956
929,-4.6232915,-0.68122745,0.039807756,-4.627328
930,-4.586348,-0.5643043,-0.12195693,-4.743883
931,-4.5691094,-0.63453245,-0.07108076,-4.6504135
932,-4.7706394,-0.73011327,0.054156054,-4.56708
933,-4.4977303,-0.6189622,-0.12700987,-4.6591268
934,-4.5415926,-0.6518656,0.036711365,-4.4872065
935,-4.3009496,-0.3357878,-0.055039667,-4.586385
936,-4.410788,-0.45282418,-0.1876156,-4.744885
937,-4.6574473,-0.72909003,-0.028987445,-4.610928
938,-4.605919,-0.64000124,0.030224822,-4.607772
939,-4.5917964,-0.66677415,-0.11355414,-4.7067423
940,-4.5341215,-0.6007453,-0.21487063,-4.712543
941,-4.6928473,-0.65317005,-0.11281282,-4.6534595
942,-4.4842954,-0.48689526,0.04425999,-4.575105
943,-4.4675765,-0.5232572,-0.12454598,-4.6201477
944,-4.5880713,-0.5287365,-0.1484876,-4.7424374
945,-4.4761076,-0.40694907,-0.1684263,-4.7569823
946,-4.491677,-0.5878015,0.04027666,-4.5484533
947,-4.6749206,-0.6655903,-0.0030205846,-4.5887303
948,-4.5309234,-0.5870335,0.09032831,-4.5234413
949,-4.6175814,-0.5839574,-0.0851288,-4.780122
950,-4.3110127,-0.2724706,-0.011129752,-4.6250324
951,-4.5396366,-0.6236065,0.23501277,-4.413338
952,-4.4235296,-0.40808976,-0.06586537,-4.7008953
953,-4.729007,-0.70413905,-0.0726974,-4.6540546
954,-4.585436,-0.63475555,-0.085456446,-4.723789
955,-4.459446,-0.44100803,-0.22390524,-4.769547
956,-4.573351,-0.55152875,0.15444924,-4.448127
957,-4.6244397,-0.7481386,-0.03420165,-4.6394014
958,-4.546964,-0.5262865,-0.20771192,-4.8122807
959,-4.613163,-0.65226984,-0.014735581,-4.5689974
960,-4.53817,-0.5429947,-0.16356313,-4.7859592
961,-4.613307,-0.5874136,-0.07305178,-4.650333
962,-4.581687,-0.5007241,-0.25229892,-4.8212337
963,-4.4923778,-0.40419507,-0.19981228,-4.7657394
964,-4.60486,-0.7069252,0.2091481,-4.402573
965,-4.5029874,-0.4717149,-0.07761028,-4.6241417
966,-4.708534,-0.6187118,-0.1073799,-4.783777
967,-4.6989913,-0.79602396,0.029875576,-4.563813
968,-4.538424,-0.6408701,-0.10434128,-4.6379547
969,-4.6424017,-0.67608905,-0.065918595,-4.702641
970,-4.4804664,-0.5600891,-0.09836798,-4.6674585
971,-4.5825224,-0.62391967,0.025720373,-4.5909376
972,-4.4754486,-0.5005325,-0.021348022,-4.6042185
973,-4.58481,-0.5848904,-0.22726883,-4.859342
974,-4.539553,-0.5942787,-0.021892443,-4.596084
975,-4.495682,-0.55525124,-0.042348363,-4.69887
976,-4.489689,-0.5262358,0.0637714,-4.478957
977,-4.7392464,-0.7637861,0.1496212,-4.490983
978,-4.6744814,-0.6438656,-0.04907903,-4.612986
979,-4.6135454,-0.69135725,-0.09062641,-4.768893
980,-4.4610476,-0.54319143,0.038624518,-4.519657
981,-4.499315,-0.43099594,-0.17224109,-4.722284
982,-4.633889,-0.6125042,-0.065229625,-4.6888347
983,-4.5396366,-0.58584416,-0.001803033,-4.5680385
984,-4.5279937,-0.5894741,-0.13855614,-4.740926
985,-4.6211586,-0.62211496,-0.13149892,-4.6955366
986,-4.5645313,-0.605746,-0.0774246,-4.6775284
987,-4.5343523,-0.64871365,-0.327942,-4.951421
988,-4.4572144,-0.5063941,-0.055124827,-4.624242
989,-4.510208,-0.536031,-0.14546585,-4.648518
990,-4.528948,-0.5714447,-0.025299877,-4.600171
991,-4.479514,-0.47236168,-0.010684144,-4.581897
992,-4.606433,-0.6586374,-0.049221084,-4.600527
993,-4.597008,-0.5746312,0.005617246,-4.603965
994,-4.615135,-0.6556342,-0.011781421,-4.617166
995,-4.4749064,-0.51608753,-0.13572673,-4.6672125
996,-4.560422,-0.6537464,-0.08372584,-4.5846686
997,-4.4830437,-0.5047209,-0.037085105,-4.6699247
998,-4.645564,-0.7077538,-0.012764841,-4.5885963
999,-4.5525017,-0.61231107,-0.114722975,-4.7172112
1000,-4.7089443,-0.7805562,-0.056710087,-4.632715
1001,-4.6469507,-0.5992098,-0.16887878,-4.758007
1002,-4.4499073,-0.4680689,-0.023177676,-4.63074
1003,-4.621148,-0.6947467,-0.14438686,-4.6950793
1004,-4.464303,-0.47383034,-0.09155941,-4.67469
1005,-4.650728,-0.5342311,-0.06519939,-4.720565
1006,-4.7675624,-0.8345783,-0.14603302,-4.802168
1007,-4.500472,-0.49605745,0.003313575,-4.586245
1008,-4.566435,-0.6430258,-0.14692318,-4.776204
1009,-4.5980353,-0.6283515,0.08303517,-4.4761477
1010,-4.613955,-0.497726,-0.031944387,-4.6912417
1011,-4.669962,-0.6188879,-0.044719897,-4.605115
1012,-4.651555,-0.6938065,-0.11133801,-4.649413
1013,-4.44171,-0.36271608,0.03959753,-4.5643682
1014,-4.4639945,-0.51286924,-0.12806106,-4.702315
1015,-4.4779587,-0.46511978,-0.15565252,-4.7076902
1016,-4.5789757,-0.6455239,0.12856558,-4.505644
1017,-4.4891253,-0.5468795,-0.23417622,-4.8066316
1018,-4.7464924,-0.71646315,-0.04800181,-4.7196355
1019,-4.443097,-0.4752268,-0.08809349,-4.62322
1020,-4.355298,-0.5073326,-0.08587816,-4.642777
1021,-4.6875257,-0.72218317,0.015852153,-4.682817
1022,-4.523722,-0.5881821,-0.1993232,-4.7535896
1023,-4.643778,-0.74409187,-0.24259353,-4.8554626
1024,-4.5511937,-0.60035956,-0.20848158,-4.8503933
1025,-4.5288568,-0.53927594,0.013464928,-4.5925484
1026,-4.6168146,-0.62868226,-0.21942215,-4.780752
1027,-4.4813824,-0.42521787,-0.23170659,-4.8032646
1028,-4.5470047,-0.64204293,-0.071557835,-4.649731
1029,-4.467251,-0.5598762,-0.26103753,-4.8446198
1030,-4.500228,-0.43809563,-0.15756474,-4.698549
1031,-4.4296594,-0.40494266,-0.21530692,-4.7477016
1032,-4.641621,-0.6767253,-0.008655362,-4.6173196
1033,-4.5795774,-0.5389535,-0.2244066,-4.7522087
1034,-4.491763,-0.4862586,-0.04824613,-4.6722126
1035,-4.759367,-0.7912205,-0.14626539,-4.70518
1036,-4.574275,-0.56302273,-0.0400526,-4.598358
1037,-4.519936,-0.6316732,-0.1357709,-4.748585
1038,-4.470047,-0.50624436,-0.19832641,-4.78629
1039,-4.5907035,-0.70596343,-0.006795123,-4.705687
1040,-4.648155,-0.668012,0.061033625,-4.588712
1041,-4.458309,-0.48860472,-0.088262334,-4.6225786
1042,-4.520209,-0.53098893,-0.0685318,-4.713705
1043,-4.4551315,-0.5381321,0.10520176,-4.5648108
1044,-4.5756803,-0.6149709,-0.029843273,-4.597198
1045,-4.5214787,-0.5848809,-0.19011539,-4.7725415
1046,-4.4578605,-0.4731745,-0.1887667,-4.753551
1047,-4.6147876,-0.6401866,-0.247049,-4.86038
1048,-4.388399,-0.38810572,-0.10196856,-4.706809
1049,-4.5659747,-0.6334356,0.07549989,-4.5105453
1050,-4.4282684,-0.4213656,-0.2581836,-4.851942
1051,-4.565283,-0.5811853,0.09262059,-4.460745
1052,-4.474507,-0.48173904,-0.0017542802,-4.5504694
1053,-4.6456084,-0.6527555,-0.08973906,-4.6942883
1054,-4.559834,-0.54020214,0.09272003,-4.5632787
1055,-4.5342984,-0.49058586,-0.19721776,-4.761432
1056,-4.6562552,-0.57153916,-0.03737342,-4.6388245
1057,-4.43589,-0.44010055,-0.12362337,-4.6796694
1058,-4.6328573,-0.65798485,-0.018222673,-4.670667
1059,-4.7219133,-0.8165222,-0.07524072,-4.7257047
1060,-4.494355,-0.4988547,-0.1464135,-4.7261114
1061,-4.496534,-0.41947332,-0.12719265,-4.7690682
1062,-4.4940867,-0.51586723,-0.20949827,-4.731306
1063,-4.4684405,-0.64014053,-0.07295339,-4.634985
1064,-4.600472,-0.7167163,-0.020597674,-4.628585
1065,-4.374568,-0.4839581,-0.17055278,-4.700758
1066,-4.52899,-0.55204433,-0.024234697,-4.6154165
1067,-4.331647,-0.39086998,-0.16695365,-4.7918663
1068,-4.5222487,-0.4804288,-0.0890611,-4.6644545
1069,-4.7447057,-0.82097995,-0.00084784493,-4.594795
1070,-4.3290005,-0.38654214,-0.27402863,-4.8503575
1071,-4.518635,-0.65311635,-0.21722998,-4.7943263
1072,-4.4565434,-0.49491653,-0.027108133,-4.5986853
1073,-4.6483035,-0.67940366,-0.09328869,-4.689391
1074,-4.557058,-0.58650845,0.06581794,-4.551256
1075,-4.632173,-0.68977875,-0.13430858,-4.7069263
1076,-4.555295,-0.6766419,-0.14424406,-4.748437
1077,-4.499686,-0.47433907,-0.06260101,-4.649402
1078,-4.5868125,-0.60037297,0.046540096,-4.526741
1079,-4.5107384,-0.5684566,0.093734175,-4.5311685
1080,-4.630081,-0.6469517,-0.07179174,-4.7256775
1081,-4.554689,-0.58457977,-0.10864402,-4.716645
1082,-4.3058853,-0.2905911,-0.21064179,-4.7842016
1083,-4.682739,-0.69014543,-0.10127935,-4.723954
1084,-4.4538107,-0.63431704,0.03651964,-4.5181575
1085,-4.5469937,-0.53814626,-0.34550917,-4.925687
1086,-4.6612396,-0.7271232,0.00033734366,-4.6139617
1087,-4.7140617,-0.7649655,-0.044098478,-4.767369
1088,-4.5908527,-0.58508325,-0.0976157,-4.7236567
1089,-4.425038,-0.43916142,-0.2945154,-4.867374
1090,-4.52138,-0.5324669,-0.12534928,-4.696551
1091,-4.546833,-0.50645125,-0.18627971,-4.737131
1092,-4.5226946,-0.53268737,-0.14030886,-4.71972
1093,-4.5199776,-0.5089953,-0.1630373,-4.750994
1094,-4.5665855,-0.61440474,0.082100675,-4.5597897
1095,-4.5733566,-0.53996974,-0.17810449,-4.8079906
1096,-4.648055,-0.7468513,0.14852652,-4.4396467
1097,-4.5657635,-0.47706875,-0.16304654,-4.7574115
1098,-4.5182843,-0.6720065,-0.15656991,-4.7270923
1099,-4.5610757,-0.5418463,-0.14496729,-4.674734
1100,-4.6813726,-0.7791965,0.026847884,-4.5153723
1101,-4.536723,-0.6166829,-0.020663343,-4.5794907
1102,-4.5345693,-0.41415524,-0.19406663,-4.7853727
1103,-4.5832615,-0.60301083,-0.022273116,-4.5968966
1104,-4.665739,-0.60674417,-0.28401887,-4.895791
1105,-4.5162625,-0.52645147,-0.15906455,-4.7236724
1106,-4.6377935,-0.71263987,0.015939035,-4.6115603
1107,-4.477773,-0.5398363,-0.10285475,-4.70034
1108,-4.5079947,-0.5565906,-0.25745994,-4.8820434
1109,-4.4510794,-0.48772138,-0.09494029,-4.6224947
1110,-4.509912,-0.59574234,-0.09536007,-4.7122245
1111,-4.5566206,-0.5440266,-0.060287602,-4.6598606
1112,-4.457892,-0.5109444,-0.09154063,-4.6740117
1113,-4.5607843,-0.56285304,-0.1742891,-4.809993
1114,-4.5402107,-0.5636614,0.06627552,-4.6105638
1115,-4.418533,-0.42585224,-0.083989255,-4.6775737
1116,-4.6583204,-0.7598081,0.03957703,-4.576653
1117,-4.439655,-0.42232645,-0.24124894,-4.797909
1118,-4.587869,-0.6270063,-0.18928975,-4.8326087
1119,-4.53543,-0.48350024,-0.011208639,-4.5970645
1120,-4.485271,-0.5349104,-0.06333826,-4.674506
1121,-4.347765,-0.3757162,-0.22511704,-4.780097
1122,-4.523991,-0.63280183,-0.016597718,-4.6277547
1123,-4.695652,-0.7540261,-0.012225322,-4.5886436
1124,-4.4005327,-0.4285829,-0.14042531,-4.7085667
1125,-4.4933023,-0.5625299,-0.087089,-4.7242827
1126,-4.5650496,-0.6284763,0.0051708445,-4.602705
1127,-4.517905,-0.6015042,0.063063905,-4.541254
1128,-4.488476,-0.53776765,0.020609364,-4.5690694
1129,-4.548869,-0.5446217,-0.0005465336,-4.5797796
1130,-4.575084,-0.5781322,-0.0944665,-4.7355742
1131,-4.5650806,-0.56650066,-0.090155736,-4.689929
1132,-4.466815,-0.45882887,-0.13725527,-4.698455
1133,-4.5485578,-0.49217823,0.039496444,-4.5966916
1134,-4.5254545,-0.53805083,0.00542026,-4.596394
1135,-4.660448,-0.61520934,-0.118890494,-4.7393017
1136,-4.4022584,-0.42100814,-0.067681596,-4.6028533
1137,-4.3236256,-0.41348538,0.03890895,-4.483989
1138,-4.6796274,-0.658748,0.034589663,-4.583103
1139,-4.5498505,-0.4661282,-0.1672599,-4.7328906
1140,-4.611223,-0.7126622,0.16921112,-4.4887505
1141,-4.653248,-0.68698835,-0.14104237,-4.754614
1142,-4.5632024,-0.54619163,-0.047924474,-4.6094236
1143,-4.5454097,-0.66467065,-0.06386453,-4.659992
1144,-4.4948497,-0.5322902,-0.11720046,-4.7725816
1145,-4.5573254,-0.6039312,0.033016857,-4.6132045
1146,-4.3769884,-0.2999863,-0.10497103,-4.6793013
1147,-4.5105596,-0.49872684,-0.06941749,-4.6291475
1148,-4.441911,-0.45331314,-0.03865443,-4.6424084
1149,-4.6085854,-0.6830834,0.027985506,-4.630634
1150,-4.638595,-0.7619368,0.13244344,-4.5203505
1151,-4.6384,-0.6606131,0.05022005,-4.556507
1152,-4.670457,-0.6392585,-0.14077488,-4.7425337
1153,-4.5010014,-0.51640874,-0.04739973,-4.669862
1154,-4.5824065,-0.62793136,0.0014739931,-4.615195
1155,-4.487545,-0.45290434,-0.23116083,-4.824088
1156,-4.5929193,-0.5895734,-0.08300867,-4.687376
1157,-4.4803667,-0.46867627,-0.07344674,-4.6933475
1158,-4.5037904,-0.49141937,-0.11131735,-4.750103
1159,-4.679233,-0.6770279,-0.09642421,-4.7077656
1160,-4.6571302,-0.63896614,-0.23135565,-4.833204
1161,-4.6346207,-0.53750575,-0.16152033,-4.6721272
1162,-4.536263,-0.4962687,-0.26705053,-4.8484693
1163,-4.51111,-0.5594196,-0.18846753,-4.7426233
1164,-4.487276,-0.48129445,-0.31331268,-4.821516
1165,-4.588718,-0.5182829,-0.05878689,-4.6753774
1166,-4.510305,-0.64304185,-0.0853649,-4.7133737
1167,-4.605116,-0.65654784,0.04721464,-4.519949
1168,-4.505853,-0.5617735,-0.020745791,-4.6200757
1169,-4.513036,-0.5139027,0.06341347,-4.5413837
1170,-4.643593,-0.6884453,-0.12935184,-4.7277255
1171,-4.6037145,-0.7218385,0.112340994,-4.4687977
1172,-4.4965253,-0.60559595,-0.06446924,-4.6198106
1173,-4.6499786,-0.7612331,-0.029590175,-4.595333
1174,-4.619456,-0.6988568,0.17263292,-4.517106
1175,-4.5336423,-0.6430757,-0.24523193,-4.848195
1176,-4.49507,-0.48549852,-0.17421383,-4.754223
1177,-4.3950396,-0.42205438,-0.11900482,-4.6759067
1178,-4.449641,-0.48233658,-0.12995851,-4.744518
1179,-4.4903727,-0.5762856,-0.23693246,-4.699798
1180,-4.491688,-0.48479822,-0.12340073,-4.750117
1181,-4.708318,-0.72696775,-0.028444586,-4.7185884
1182,-4.469101,-0.5616426,-0.017490763,-4.662335
1183,-4.537409,-0.5713896,-0.028989797,-4.6742334
1184,-4.6057377,-0.58923,0.044716462,-4.6516504
1185,-4.696734,-0.6969903,-0.115756914,-4.7736235
1186,-4.538552,-0.4353384,-0.22106913,-4.8200307
1187,-4.5249863,-0.55212164,-0.14259309,-4.7095456
1188,-4.8315163,-0.81295645,0.021678045,-4.5802946
1189,-4.680314,-0.69911975,-0.054966956,-4.6381836
1190,-4.477365,-0.56282073,0.13828893,-4.440777
1191,-4.7913275,-0.9278075,0.12636992,-4.4564962
1192,-4.5968122,-0.6668289,-0.023934886,-4.664735
1193,-4.572089,-0.65316635,-0.12844896,-4.7183814
1194,-4.558357,-0.6201363,-0.04709527,-4.771909
1195,-4.556595,-0.4797838,-0.027904198,-4.568849
1196,-4.436651,-0.40293577,-0.28046522,-4.768197
1197,-4.640096,-0.6324459,-0.003328018,-4.566617
1198,-4.3582044,-0.3572055,-0.05988446,-4.701378
1199,-4.689133,-0.7080931,-0.03189342,-4.6973
1200,-4.5728526,-0.61730087,0.05454694,-4.5264173
1201,-4.390327,-0.49973527,-0.14577898,-4.7280254
1202,-4.407331,-0.3657986,-0.14599937,-4.692758
1203,-4.403572,-0.35319245,-0.15890226,-4.7804723
1204,-4.6768627,-0.6953682,0.1585938,-4.4996347
1205,-4.452553,-0.41007614,-0.11415751,-4.7052436
1206,-4.554615,-0.5248675,-0.0468778,-4.6171603
1207,-4.442204,-0.38632667,-0.095539406,-4.633136
1208,-4.505344,-0.51113975,-0.1292638,-4.6810646
1209,-4.6869535,-0.7933437,-0.056816116,-4.713907
1210,-4.383079,-0.3471255,-0.29772863,-4.81586
1211,-4.5238986,-0.5364105,-0.3170275,-4.8721123
1212,-4.7921295,-0.7531004,-0.26430076,-4.8541994
1213,-4.558397,-0.5480077,-0.20775399,-4.779628
1214,-4.606781,-0.6449989,-0.120502844,-4.7022305
1215,-4.495331,-0.48278743,-0.12048401,-4.7211533
1216,-4.5238996,-0.59972817,-0.12040123,-4.725898
1217,-4.5641437,-0.5232405,-0.07155918,-4.7183895
1218,-4.5048537,-0.6006576,0.037831187,-4.5036044
1219,-4.686102,-0.7349955,-0.083771504,-4.701702
1220,-4.4559865,-0.47072506,-0.16359319,-4.781564
1221,-4.5424824,-0.48053613,-0.039388053,-4.7631674
1222,-4.5170827,-0.41303647,0.04730498,-4.5485535
1223,-4.4744925,-0.5203789,-0.08467793,-4.7063313
1224,-4.598444,-0.6285021,-0.1442955,-4.749115
1225,-4.5601487,-0.6486802,-0.02969347,-4.668105
1226,-4.6396036,-0.67571765,-0.0638891,-4.653039
1227,-4.679321,-0.69991326,0.1197726,-4.569513
1228,-4.59537,-0.62440753,0.04694333,-4.526683
1229,-4.425102,-0.4081298,-0.16628522,-4.8004503
1230,-4.471446,-0.64702845,-0.032184795,-4.598846
1231,-4.3708086,-0.36139065,-0.0004183296,-4.501451
1232,-4.464335,-0.5160762,-0.012732074,-4.612218
1233,-4.52103,-0.4817055,-0.29688084,-4.9695535
1234,-4.5556345,-0.5148902,-0.03783061,-4.622628
1235,-4.578473,-0.6124676,0.085122876,-4.524909
1236,-4.636912,-0.6798742,-0.2192428,-4.797595
1237,-4.573378,-0.6273347,0.056809723,-4.60726
1238,-4.5075192,-0.5839816,-0.16557026,-4.7093616
1239,-4.556158,-0.61433434,0.073508546,-4.56933
1240,-4.54511,-0.4672747,-0.13928857,-4.70418
1241,-4.7657957,-0.8032457,-0.15212017,-4.7369604
1242,-4.536379,-0.51000315,-0.16059238,-4.7947135
1243,-4.6044793,-0.63009804,-0.048532747,-4.6443834
1244,-4.4721813,-0.53417546,-0.107688926,-4.728623
1245,-4.587655,-0.540483,-0.12300767,-4.7763395
1246,-4.449022,-0.48687202,-0.2277242,-4.7968583
1247,-4.57609,-0.5557734,-0.119230375,-4.720638
1248,-4.4984694,-0.47883233,-0.09394955,-4.653729
1249,-4.648892,-0.7580174,0.0017903596,-4.6181035
1250,-4.599777,-0.46426448,0.006810993,-4.582111
1251,-4.571651,-0.58685046,-0.20910586,-4.7249403
1252,-4.5260563,-0.4730933,-0.16747892,-4.704713
1253,-4.4470706,-0.48246133,-0.23441884,-4.75208
1254,-4.5986075,-0.6535403,-0.2176267,-4.773292
1255,-4.6234765,-0.6186421,-0.24657103,-4.8953476
1256,-4.6740017,-0.7556932,-0.049903397,-4.743788
1257,-4.4832015,-0.45999265,-0.10806205,-4.6477194
1258,-4.558581,-0.5017142,-0.1354452,-4.7196107
1259,-4.434371,-0.4977789,0.056126364,-4.5740423
1260,-4.6943016,-0.84926623,0.018069364,-4.557986
1261,-4.414786,-0.49304885,-0.08320994,-4.6547318
1262,-4.4047675,-0.45580474,-0.18778004,-4.76069
1263,-4.6559,-0.58510447,-0.050313402,-4.5831738
1264,-4.5101852,-0.46147016,-0.065185055,-4.6281757
1265,-4.5329933,-0.5071297,-0.25165033,-4.7628894
1266,-4.6416593,-0.5519928,-0.050232396,-4.6412582
1267,-4.5620546,-0.5197091,-0.113110326,-4.7439456
1268,-4.4943795,-0.5580945,-0.1639947,-4.7844443
1269,-4.6821265,-0.67375946,-0.18129775,-4.799573
1270,-4.554511,-0.6051879,-0.02086977,-4.62572
1271,-4.4283485,-0.46050256,-0.23157606,-4.89735
1272,-4.637945,-0.6139541,-0.18300034,-4.7953415
1273,-4.650592,-0.6396663,-0.11674795,-4.8057537
1274,-4.484726,-0.46527869,-0.14743996,-4.6611433
1275,-4.412399,-0.54465306,-0.21452117,-4.7166886
1276,-4.5860577,-0.60100996,-0.21216872,-4.799545
1277,-4.4362254,-0.46129975,-0.28261822,-4.838469
1278,-4.5057826,-0.4861397,-0.03957765,-4.6623154
1279,-4.5779357,-0.5148781,-0.16946277,-4.7757564
1280,-4.541855,-0.5127114,-0.03293875,-4.6033263
1281,-4.6811433,-0.7219166,-0.035368547,-4.5924816
1282,-4.67014,-0.708882,0.019539475,-4.538495
1283,-4.730637,-0.7330806,0.1225153,-4.432671
1284,-4.468771,-0.42606348,-0.07027568,-4.627626
1285,-4.478384,-0.4262162,-0.13906391,-4.7288036
1286,-4.4942265,-0.42775556,-0.120852694,-4.7295146
1287,-4.7059555,-0.725073,-0.1467153,-4.658956
1288,-4.5474224,-0.47301582,-0.08634445,-4.667965
1289,-4.6425543,-0.64045745,-0.049420282,-4.5959177
1290,-4.6493316,-0.6778827,0.05502528,-4.578167
1291,-4.500036,-0.5859859,-0.1589341,-4.7923346
1292,-4.88581,-0.92695856,0.099484146,-4.5634556
1293,-4.4286246,-0.43493503,-0.07122089,-4.660542
1294,-4.56706,-0.5316458,-0.119768776,-4.7302203
1295,-4.590911,-0.6293923,0.030995369,-4.5838647
1296,-4.50321,-0.4944323,0.020115703,-4.5794563
1297,-4.581461,-0.6160177,-0.11307566,-4.753297
1298,-4.4598846,-0.49230242,-0.19445984,-4.7914276
1299,-4.5910807,-0.57477057,-0.070083246,-4.625742
1300,-4.511618,-0.5275752,-0.09383112,-4.6300917
1301,-4.61655,-0.6503489,-0.26881856,-4.8183084
1302,-4.572804,-0.6650114,0.09550065,-4.4928594
1303,-4.490996,-0.42423722,0.03453245,-4.5479574
1304,-4.7226653,-0.74057275,-0.06353479,-4.704883
1305,-4.453378,-0.40313303,-0.024033725,-4.565727
1306,-4.401436,-0.41457158,-0.24553503,-4.857001
1307,-4.4999604,-0.48097017,-0.20377488,-4.825192
1308,-4.6521087,-0.70937973,-0.21766067,-4.797562
1309,-4.5400367,-0.5365509,-0.17349684,-4.7161336
1310,-4.5547876,-0.7083419,-0.07495196,-4.651654
1311,-4.576241,-0.46043694,-0.07097481,-4.7198668
1312,-4.5585127,-0.71141183,0.09505685,-4.464865
1313,-4.760999,-0.8637263,0.083166406,-4.5380635
1314,-4.481455,-0.4157549,0.109260544,-4.5490913
1315,-4.6030083,-0.728742,0.018423833,-4.5788956
1316,-4.7626786,-0.78978354,-0.027672052,-4.612111
1317,-4.4247994,-0.5088413,-0.052499816,-4.54393
1318,-4.659214,-0.7099223,0.0037766304,-4.612866
1319,-4.574181,-0.5889766,0.06452311,-4.5384555
1320,-4.450088,-0.5087174,0.011106402,-4.55739
1321,-4.4622803,-0.48412222,0.03799489,-4.5900373
1322,-4.6857834,-0.7985647,0.2373263,-4.353536
1323,-4.5818334,-0.68264884,-0.053136967,-4.721295
1324,-4.529758,-0.5378788,-0.022812044,-4.5948925
1325,-4.6189775,-0.7167554,-0.09366379,-4.6614037
1326,-4.546151,-0.4438303,-0.12805736,-4.739574
1327,-4.627646,-0.6571301,0.046500303,-4.5911484
1328,-4.451997,-0.4830763,-0.2560218,-4.730662
1329,-4.560801,-0.59007615,-0.096836805,-4.6745787
1330,-4.5944233,-0.68625236,0.22113523,-4.373586
1331,-4.4351473,-0.39803183,-0.13467604,-4.7446184
1332,-4.609688,-0.6533114,-0.010004237,-4.600067
1333,-4.6261816,-0.6956854,-0.07480769,-4.6777525
1334,-4.585281,-0.5605631,0.050915167,-4.5161695
1335,-4.6980762,-0.7449723,-0.08057161,-4.7799225
1336,-4.506719,-0.5439199,0.14673533,-4.5346785
1337,-4.654571,-0.7157144,0.028953798,-4.592689
1338,-4.4878845,-0.5656104,-0.14026028,-4.7329655
1339,-4.537763,-0.5762249,0.09840958,-4.5099144
1340,-4.602847,-0.6692227,-0.046471015,-4.6427393
1341,-4.6350245,-0.7686149,0.07734281,-4.5747204
1342,-4.565956,-0.55783504,-0.1250919,-4.7228317
1343,-4.602644,-0.52989715,-0.28335035,-4.8620486
1344,-4.7055783,-0.74827206,-0.14445989,-4.7766824
1345,-4.6538043,-0.5680144,-0.14154077,-4.76339
1346,-4.722866,-0.73094314,-0.08173392,-4.631745
1347,-4.559126,-0.6321152,-0.04513345,-4.5896597
1348,-4.627983,-0.5517014,-0.026971318,-4.589414
1349,-4.337075,-0.30612496,-0.17224304,-4.7257366
1350,-4.5782833,-0.5798655,0.052961767,-4.5756197
1351,-4.533036,-0.5350139,-0.11271875,-4.6983833
1352,-4.585915,-0.5242442,0.03468612,-4.5959935
1353,-4.6143947,-0.6277922,-0.06351133,-4.6356754
1354,-4.526658,-0.61967134,-0.08964626,-4.6190257
1355,-4.492989,-0.5175073,-0.30663157,-4.843391
1356,-4.4694266,-0.48634636,-0.048140638,-4.594375
1357,-4.576953,-0.64185774,0.026260525,-4.622705
1358,-4.671589,-0.7388265,0.17753813,-4.4083214
1359,-4.4937477,-0.43482086,-0.19473869,-4.7113333
1360,-4.564895,-0.55075467,0.091134384,-4.545844
1361,-4.4605794,-0.51229393,-0.16040973,-4.714553
1362,-4.6574497,-0.70431256,0.047521614,-4.5443497
1363,-4.516096,-0.63749933,0.0897555,-4.568678
1364,-4.730016,-0.74017143,-0.075650275,-4.7386084
1365,-4.5390534,-0.58944094,-0.08559926,-4.700206
1366,-4.586914,-0.63437253,0.0025486946,-4.6023474
1367,-4.633708,-0.62891066,-0.14857535,-4.7924633
1368,-4.6339827,-0.64739996,0.034647334,-4.515043
1369,-4.705121,-0.63496935,-0.3017295,-4.890654
1370,-4.5631084,-0.6109896,-0.11250628,-4.6612053
1371,-4.4697595,-0.5494767,-0.0034393147,-4.5971956
1372,-4.72067,-0.62950426,-0.2342616,-4.870801
1373,-4.6190853,-0.62112194,0.018016465,-4.619518
1374,-4.5159297,-0.45018512,-0.13140674,-4.7074237
1375,-4.4903803,-0.47906274,-0.15291442,-4.737432
1376,-4.4709024,-0.55581206,-0.06374536,-4.7034082
1377,-4.508036,-0.49615973,-0.06715204,-4.568266
1378,-4.6070766,-0.54926825,-0.16472638,-4.7114263
1379,-4.5608215,-0.66364694,-0.016645076,-4.585789
1380,-4.5504465,-0.59626025,-0.023566112,-4.6509
1381,-4.657188,-0.74124837,-0.08266523,-4.662128
1382,-4.6621633,-0.6115123,-0.18619879,-4.8755045
1383,-4.4259124,-0.44514158,-0.21083707,-4.8549695
1384,-4.692286,-0.76389253,-0.10227732,-4.7058315
1385,-4.571806,-0.68356097,0.028332643,-4.5905614
1386,-4.517303,-0.5496363,-0.011540392,-4.629641
1387,-4.475848,-0.51777065,-0.025859848,-4.613467
1388,-4.5149355,-0.61938804,0.1068204,-4.5283756
1389,-4.3707795,-0.40076196,-0.2540688,-4.8377604
1390,-4.5058475,-0.5313837,-0.2629915,-4.8765454
1391,-4.5355787,-0.43958402,-0.3042451,-4.913409
1392,-4.560786,-0.61581945,-0.05923477,-4.6924324
1393,-4.6237693,-0.67541254,-0.095320925,-4.772701
1394,-4.505433,-0.55265135,0.05588817,-4.5736947
1395,-4.5898004,-0.635421,0.0016764365,-4.6074696
1396,-4.533668,-0.46754646,-0.031914912,-4.6332364
1397,-4.542902,-0.5759322,-0.095627606,-4.656709
1398,-4.476384,-0.4169578,-0.11305851,-4.6984076
1399,-4.4407525,-0.39428097,-0.0826475,-4.643802
1400,-4.5917807,-0.709971,-0.053261653,-4.6766
1401,-4.6696367,-0.6268012,-0.16331534,-4.73244
1402,-4.65441,-0.659194,0.05479179,-4.5603547
1403,-4.8320704,-0.8633946,-0.19617222,-4.793686
1404,-4.4592614,-0.51763946,0.14208378,-4.4296503
1405,-4.496292,-0.5505271,-0.18755911,-4.766059
1406,-4.4588723,-0.37596932,-0.12513119,-4.7187214
1407,-4.526558,-0.5587332,0.05652921,-4.6347365
1408,-4.5161257,-0.5763367,-0.18664168,-4.702387
1409,-4.717819,-0.7984904,0.070751384,-4.474807
1410,-4.5461364,-0.4683407,-0.20925707,-4.733787
1411,-4.5799427,-0.5597016,0.16208923,-4.444359
1412,-4.5499816,-0.52133703,-0.03392011,-4.5580273
1413,-4.586858,-0.63470346,0.034062676,-4.5790935
1414,-4.5378547,-0.39432523,-0.102972075,-4.73673
1415,-4.7144685,-0.6897548,-0.07066208,-4.6788707
1416,-4.578289,-0.5978564,-0.030603096,-4.652538
1417,-4.6480465,-0.64404887,0.004781477,-4.5296683
1418,-4.7053137,-0.7679712,-0.12772703,-4.6854095
1419,-4.6877832,-0.7271777,-0.09118546,-4.7490406
1420,-4.513504,-0.5575703,-0.13733834,-4.640562
1421,-4.483867,-0.43378493,-0.11290637,-4.6690016
1422,-4.4200835,-0.4375641,0.031401385,-4.5327587
1423,-4.5916176,-0.6359526,0.028647974,-4.5638113
1424,-4.39593,-0.3981827,-0.13163847,-4.6881676
1425,-4.611487,-0.56055486,-0.17205875,-4.754662
1426,-4.6877537,-0.739465,0.02653391,-4.6189675
1427,-4.664704,-0.6291369,-0.03978183,-4.5373135
1428,-4.61693,-0.65700257,-0.0633114,-4.6389117
1429,-4.605349,-0.54505086,-0.1692704,-4.7932115
1430,-4.525542,-0.51674306,-0.106396526,-4.6911645
1431,-4.486288,-0.47363234,-0.1697813,-4.7517767
1432,-4.501465,-0.5806156,-0.11667231,-4.730195
1433,-4.432984,-0.4884623,-0.10290819,-4.636521
1434,-4.5220013,-0.50078213,-0.22704673,-4.7879148
1435,-4.6331925,-0.73147964,0.01907808,-4.5775647
1436,-4.5157833,-0.491882,-0.16344431,-4.8385434
1437,-4.5086403,-0.6182189,-0.078716435,-4.636382
1438,-4.7514925,-0.94092757,0.17408033,-4.4644566
1439,-4.6183143,-0.8056207,0.19309299,-4.4081006
1440,-4.708884,-0.7001163,-0.011607826,-4.6041875
1441,-4.478193,-0.55953383,-0.16403571,-4.76567
1442,-4.503025,-0.54917645,-0.07220611,-4.664716
1443,-4.3435426,-0.38526684,-0.12516773,-4.7202067
1444,-4.710296,-0.69439393,0.013074979,-4.607719
1445,-4.697312,-0.6612196,0.08777583,-4.4830065
1446,-4.4530067,-0.50028217,0.0010178128,-4.649972
1447,-4.546626,-0.64039886,-0.10589343,-4.704186
1448,-4.5974464,-0.5796997,0.065267645,-4.478012
1449,-4.5347376,-0.6103817,-0.082524754,-4.6670637
1450,-4.646474,-0.6169034,-0.052500635,-4.750496
1451,-4.6905427,-0.7740511,-0.0071229413,-4.649406
1452,-4.588138,-0.60709554,-0.12393993,-4.7023387
1453,-4.4261293,-0.47668466,-0.07148949,-4.62902
1454,-4.398797,-0.4983258,0.15045789,-4.4834447
1455,-4.4589067,-0.5619169,-0.08994527,-4.7025137
1456,-4.5508432,-0.63166064,0.04876305,-4.582605
1457,-4.4583263,-0.40240955,-0.0352078,-4.6066856
1458,-4.5813704,-0.55369,-0.06974989,-4.64605
1459,-4.6163945,-0.6302492,-0.021294577,-4.6858726
1460,-4.683859,-0.6470184,-0.03291702,-4.608546
1461,-4.4856033,-0.56656927,-0.14602438,-4.727059
1462,-4.6047783,-0.54487187,-0.082073,-4.6675043
1463,-4.4791503,-0.47127277,-0.2072621,-4.7667375
1464,-4.5561996,-0.59594655,-0.11353369,-4.684424
1465,-4.4954004,-0.5124555,-0.3188842,-4.916366
1466,-4.6140795,-0.6949763,-0.042817403,-4.5907784
1467,-4.5960164,-0.61606604,-0.2253344,-4.7982407
1468,-4.4621167,-0.45150265,-0.10323637,-4.6573067
1469,-4.6562657,-0.67935294,0.10839045,-4.4874873
1470,-4.410498,-0.44439036,-0.18378218,-4.8264823
1471,-4.526676,-0.5571809,-0.2013488,-4.7628117
1472,-4.5371804,-0.4699965,-0.12688366,-4.6336207
1473,-4.7371187,-0.7673285,0.044691294,-4.575654
1474,-4.504132,-0.5523369,-0.048719134,-4.6539745
1475,-4.646345,-0.78711176,0.120657,-4.4956117
1476,-4.5394893,-0.4836986,-0.11818503,-4.651808
1477,-4.4500694,-0.59073997,0.03281627,-4.5966063
1478,-4.508722,-0.6553964,-0.16897961,-4.7366247
1479,-4.581483,-0.5798179,-0.058661073,-4.6449637
1480,-4.4107304,-0.38813376,-0.08852546,-4.719639
1481,-4.652308,-0.5636464,-0.05194215,-4.6326127
1482,-4.7232285,-0.75786555,0.027204901,-4.637085
1483,-4.6574235,-0.68911755,0.07261106,-4.457875
1484,-4.586263,-0.5316072,0.026945382,-4.592506
1485,-4.4435716,-0.47006658,0.048794508,-4.5296288
1486,-4.5126314,-0.62530184,0.052574106,-4.6116037
1487,-4.4681096,-0.5667433,0.00013006525,-4.5113115
1488,-4.38889,-0.3956199,-0.086021446,-4.683018
1489,-4.5440397,-0.46804446,-0.169712,-4.789228
1490,-4.356396,-0.35147196,-0.18902662,-4.801645
1491,-4.594206,-0.66574574,0.008397259,-4.539401
1492,-4.7232714,-0.7923005,-0.0062225554,-4.6433406
1493,-4.5892735,-0.57496417,-0.03101521,-4.6366363
1494,-4.504504,-0.48305368,0.07785742,-4.4906826
1495,-4.4416037,-0.41170815,-0.28301334,-4.8694587
1496,-4.5340595,-0.53389513,0.07989155,-4.5643587
1497,-4.4670897,-0.5057174,-0.15990116,-4.707033
1498,-4.7817974,-0.7663736,-0.030211851,-4.661363
1499,-4.601677,-0.5963637,0.020412724,-4.570202
1500,-4.561459,-0.5554439,-0.06389975,-4.686117
1501,-4.662691,-0.72072077,-0.031809486,-4.655388
1502,-4.5723724,-0.62239146,-0.008995026,-4.666346
1503,-4.662673,-0.731284,-0.09009675,-4.683419
1504,-4.468314,-0.3588515,-0.20163779,-4.744956
1505,-4.602628,-0.7385908,-0.040459156,-4.638275
1506,-4.4059863,-0.31020528,-0.1010974,-4.7470384
1507,-4.6002917,-0.5296355,-0.27569896,-4.8995576
1508,-4.528592,-0.571027,0.19999176,-4.4416223
1509,-4.4415197,-0.58437395,0.09670147,-4.517992
1510,-4.5353293,-0.55868775,-0.1133776,-4.6785564
1511,-4.813398,-0.9423191,-0.01670948,-4.627423
1512,-4.4728518,-0.45901528,-0.07698567,-4.73363
1513,-4.5134416,-0.60925096,-0.14494339,-4.7797837
1514,-4.536515,-0.61018836,0.041222572,-4.5853252
1515,-4.7004485,-0.7363117,-0.056126054,-4.6481576
1516,-4.5369015,-0.5580318,-0.2416869,-4.7664323
1517,-4.434396,-0.57536465,-0.21283585,-4.7555537
1518,-4.5524592,-0.530508,-0.27341515,-4.862129
1519,-4.5890765,-0.5936945,-0.054612882,-4.61651
1520,-4.5484753,-0.5794298,-0.10053859,-4.7159643
1521,-4.5136957,-0.4989763,-0.08116559,-4.6628256
1522,-4.4398694,-0.43427473,-0.047087543,-4.627512
1523,-4.503797,-0.47812906,-0.1311123,-4.776817
1524,-4.420679,-0.5794289,0.05605932,-4.5675488
1525,-4.3806243,-0.39285094,-0.1450347,-4.737062
1526,-4.608137,-0.50786364,-0.14098378,-4.733546
1527,-4.4287887,-0.48287895,0.060871013,-4.5384293
1528,-4.547977,-0.6196325,-0.11501994,-4.6879597
1529,-4.468384,-0.53489476,0.07773945,-4.58033
1530,-4.52708,-0.5666193,-0.06146527,-4.6124096
1531,-4.801677,-0.8185861,-0.087735996,-4.7292247
1532,-4.5478425,-0.588819,-0.15724659,-4.762632
1533,-4.435634,-0.45446235,-0.1718515,-4.7746
1534,-4.6314263,-0.64926565,-0.23276013,-4.796195
1535,-4.5574827,-0.6021048,-0.15060058,-4.747401
1536,-4.659676,-0.7081628,-0.042411342,-4.6762137
1537,-4.4909606,-0.58422625,-0.09038732,-4.6647444
1538,-4.619192,-0.6228055,-0.089984834,-4.6751914
1539,-4.571794,-0.49865574,-0.077989176,-4.6490545
1540,-4.522057,-0.5014938,-0.14527181,-4.704904
1541,-4.754216,-0.7980093,0.1029745,-4.5134635
1542,-4.414073,-0.4085727,-0.13405854,-4.8109345
1543,-4.5732102,-0.5661467,0.022392727,-4.598214
1544,-4.6289816,-0.6567874,0.006486118,-4.5787754
1545,-4.6709347,-0.68966913,-0.19504958,-4.7999506
1546,-4.576799,-0.5813345,-0.23578039,-4.8036084
1547,-4.504775,-0.58984774,0.051464826,-4.570642
1548,-4.652486,-0.7492905,-0.043844737,-4.648875
1549,-4.6244235,-0.6317637,-0.16988768,-4.7368984
1550,-4.714815,-0.70260906,-0.11977673,-4.737238
1551,-4.6665554,-0.7242658,-0.059190806,-4.6921887
1552,-4.4981017,-0.51188177,0.05035273,-4.5599537
1553,-4.5457783,-0.61948514,-0.060643587,-4.605405
1554,-4.4672356,-0.44181645,-0.19545442,-4.808687
1555,-4.678889,-0.577745,-0.0027864873,-4.646882
1556,-4.5666194,-0.5927504,-0.18143351,-4.7880006
1557,-4.558064,-0.56869864,-0.11435983,-4.6265965
1558,-4.520567,-0.5399713,-0.28203678,-4.858674
1559,-4.4748807,-0.5358897,-0.106074244,-4.707023
1560,-4.6126785,-0.61145097,-0.27925244,-4.85
1561,-4.4535546,-0.44667724,-0.11159024,-4.680697
1562,-4.718237,-0.7078122,-0.04263747,-4.7084293
1563,-4.6025944,-0.59491885,0.052396372,-4.5801697
1564,-4.5470724,-0.57711774,0.12977326,-4.4521728
1565,-4.49133,-0.47713554,-0.025840163,-4.5938034
1566,-4.667207,-0.63227904,-0.11931835,-4.701515
1567,-4.6422834,-0.64201266,-0.009170603,-4.594622
1568,-4.6056013,-0.5227224,-0.010657869,-4.5424123
1569,-4.635553,-0.7480763,-0.072069995,-4.708439
1570,-4.6174827,-0.6965024,-0.056309454,-4.683659
1571,-4.604672,-0.63680357,-0.26265347,-4.854985
1572,-4.6435733,-0.7397623,-0.111002006,-4.7093716
1573,-4.548237,-0.550776,0.12314989,-4.5072074
1574,-4.492857,-0.57805496,0.07343984,-4.535644
1575,-4.56731,-0.63296705,-0.24263464,-4.838792
1576,-4.4734435,-0.5362248,-0.16859692,-4.796427
1577,-4.5255466,-0.39785156,0.039947927,-4.553023
1578,-4.6489205,-0.6554145,0.058282066,-4.5508757
1579,-4.648442,-0.79840064,0.021871531,-4.566251
1580,-4.45469,-0.44421965,-0.23847798,-4.802662
1581,-4.6634016,-0.6860325,-0.23500857,-4.8929586
1582,-4.5224156,-0.5280443,-0.0914065,-4.633107
1583,-4.666583,-0.6784946,0.0712846,-4.568771
1584,-4.4403462,-0.41645172,-0.10561261,-4.622668
1585,-4.5498905,-0.5846327,-0.28747395,-4.945969
1586,-4.607423,-0.6390882,-0.07993843,-4.6789937
1587,-4.5671725,-0.6535037,-0.12634319,-4.75648
1588,-4.5264745,-0.5224192,0.068044774,-4.54062
1589,-4.4722457,-0.5386724,-0.04752695,-4.6048474
1590,-4.64284,-0.6064135,0.010100815,-4.673715
1591,-4.431838,-0.4142261,-0.095181234,-4.6892877
1592,-4.567051,-0.658116,-0.101594806,-4.65054
1593,-4.5779557,-0.621181,-0.06952688,-4.74706
1594,-4.507627,-0.575497,-0.1961182,-4.7385798
1595,-4.494533,-0.5830424,0.17702813,-4.402283
1596,-4.558193,-0.62596315,-0.096108206,-4.7000475
1597,-4.485763,-0.52103263,-0.036661178,-4.636679
1598,-4.6897945,-0.69403744,-0.043571077,-4.6705
1599,-4.638486,-0.7371068,-0.07914111,-4.646466
1600,-4.37283,-0.3553291,0.033131033,-4.5708036
1601,-4.4732,-0.46341354,0.08062889,-4.533649
1602,-4.450893,-0.63250697,0.04213145,-4.5287886
1603,-4.637241,-0.6254407,-0.01009577,-4.5990233
1604,-4.623073,-0.5960433,-0.18073517,-4.779987
1605,-4.4663224,-0.5241492,-0.1707596,-4.6844416
1606,-4.6768966,-0.74465674,-0.13201451,-4.7088466
1607,-4.668544,-0.6016756,-0.10119816,-4.735349
1608,-4.4699426,-0.5005037,-0.04928469,-4.6841793
1609,-4.571912,-0.5143999,-0.14839745,-4.7254844
1610,-4.5971518,-0.6367456,-0.10322916,-4.678586
1611,-4.6348457,-0.72501284,0.096535176,-4.531062
1612,-4.5857663,-0.546697,-0.059272483,-4.652286
1613,-4.6982455,-0.7440314,0.010951683,-4.5591216
1614,-4.705291,-0.6994181,-0.14305566,-4.7500396
1615,-4.7040477,-0.75101024,0.10986359,-4.5391173
1616,-4.554628,-0.6122489,-0.17801093,-4.77016
1617,-4.7327876,-0.68047506,-0.25419673,-4.889974
1618,-4.5377226,-0.5285914,-0.042201117,-4.706274
1619,-4.6348944,-0.65335137,-0.24191993,-4.8740425
1620,-4.52699,-0.5571029,-0.02126722,-4.582956
1621,-4.745822,-0.8612379,0.12985967,-4.5297694
1622,-4.621342,-0.6250075,-0.13807474,-4.710013
1623,-4.4852715,-0.47217926,-0.11286512,-4.6109214
1624,-4.4667954,-0.47028413,-0.2566771,-4.8344812
1625,-4.669523,-0.6618272,-0.18620339,-4.727313
1626,-4.515379,-0.5844457,-0.1734645,-4.720696
1627,-4.5035095,-0.41162568,-0.30626944,-4.812924
1628,-4.5962706,-0.63287127,-0.05781253,-4.6043267
1629,-4.543927,-0.56528234,-0.13103998,-4.7537036
1630,-4.598365,-0.56675875,0.046134084,-4.570954
1631,-4.455675,-0.4310481,-0.04058258,-4.575538
1632,-4.5534964,-0.5521952,0.011706501,-4.614593
1633,-4.525778,-0.64274824,-0.076276004,-4.669742
1634,-4.4816275,-0.49706453,-0.16643327,-4.742031
1635,-4.471279,-0.51321214,-0.1383821,-4.7395263
1636,-4.588039,-0.6029898,-0.07831452,-4.670399
1637,-4.664161,-0.6358998,-0.25378442,-4.779613
1638,-4.4464183,-0.48079467,-0.07233377,-4.657842
1639,-4.611733,-0.64970416,-0.0941674,-4.648764
1640,-4.606622,-0.61594874,-0.081189305,-4.7054143
1641,-4.6949153,-0.5930905,-0.030051254,-4.6468453
1642,-4.5844164,-0.67610896,0.09232252,-4.5263305
1643,-4.47855,-0.53385234,0.07063544,-4.542103
1644,-4.446146,-0.43484235,-0.27397478,-4.835425
1645,-4.6028123,-0.6528253,-0.20223099,-4.791547
1646,-4.624359,-0.6507385,-0.0767974,-4.6946125
1647,-4.517888,-0.5478009,-0.06987777,-4.684438
1648,-4.5891485,-0.654653,0.12778495,-4.4265013
1649,-4.4482293,-0.43222117,-0.044172384,-4.6499143
1650,-4.4935713,-0.5042093,-0.06579299,-4.678562
1651,-4.446713,-0.5330106,-0.16644873,-4.7512097
1652,-4.489619,-0.4758226,-0.21240194,-4.7650075
1653,-4.551776,-0.52048403,-0.08756369,-4.7477674
1654,-4.4030848,-0.31521168,-0.10171697,-4.6753025
1655,-4.427802,-0.45250314,-0.12073141,-4.6831355
1656,-4.474463,-0.47414482,-0.1679728,-4.807957
1657,-4.4393415,-0.53648764,-0.043637026,-4.524733
1658,-4.6002536,-0.6026374,-0.16951704,-4.7680607
1659,-4.6109195,-0.70446724,0.07458732,-4.5954394
1660,-4.64152,-0.6064466,-0.10090703,-4.66136
1661,-4.6304784,-0.6809065,0.031974997,-4.555834
1662,-4.490208,-0.60567856,-0.09493008,-4.67952
1663,-4.610695,-0.624405,0.13595536,-4.4617677
1664,-4.6523013,-0.77256715,-0.10767613,-4.6897907
1665,-4.719627,-0.78797835,0.00368426,-4.5546594
1666,-4.4825253,-0.52035165,-0.18741217,-4.7710876
1667,-4.598506,-0.6554023,-0.113747,-4.6549945
1668,-4.650154,-0.74817777,0.061180845,-4.5439043
1669,-4.414682,-0.36398318,-0.13294783,-4.715141
1670,-4.42958,-0.4496583,-0.12858555,-4.702969
1671,-4.646023,-0.5681481,-0.15904649,-4.787681
1672,-4.5862684,-0.53296876,-0.029495284,-4.6529217
1673,-4.59633,-0.6101143,-0.009911012,-4.656734
1674,-4.5863194,-0.5779307,-0.013370857,-4.6569014
1675,-4.573067,-0.62011296,-0.25338417,-4.8592553
1676,-4.6149673,-0.53994006,-0.2136815,-4.7287893
1677,-4.474024,-0.45439667,0.012001991,-4.5922794
1678,-4.522674,-0.5259474,-0.067626566,-4.6116033
1679,-4.7600117,-0.67549616,-0.047617137,-4.6716895
1680,-4.674645,-0.7410407,-0.18012519,-4.76758
1681,-4.487238,-0.54876256,-0.14515403,-4.7846594
1682,-4.5399966,-0.5607173,-0.07620547,-4.6945596
1683,-4.6112165,-0.6639914,-0.13991544,-4.7252755
1684,-4.501524,-0.45194596,-0.14809053,-4.7379384
1685,-4.4460187,-0.40180728,-0.16402964,-4.700156
1686,-4.6092887,-0.68958014,0.035763204,-4.498648
1687,-4.529764,-0.56176203,0.0062262565,-4.5890565
1688,-4.4044714,-0.4895779,-0.20175536,-4.764507
1689,-4.655271,-0.7245628,-0.07224147,-4.6871095
1690,-4.4976764,-0.60717005,0.08341676,-4.528816
1691,-4.436338,-0.4844054,-0.27986825,-4.8238463
1692,-4.564841,-0.54030806,-0.23235546,-4.826837
1693,-4.517278,-0.49773577,-0.17826918,-4.7399673
1694,-4.4486094,-0.48715138,-0.20871328,-4.767715
1695,-4.511214,-0.6081301,0.024226561,-4.568498
1696,-4.5454597,-0.4376952,-0.24705274,-4.8401737
1697,-4.64826,-0.7481839,0.100154206,-4.500596
1698,-4.6670933,-0.68061954,-0.003264036,-4.5673933
1699,-4.6118484,-0.7909805,0.09648743,-4.4615927
1700,-4.6221123,-0.64149857,0.016129646,-4.557798
1701,-4.5478086,-0.47630408,-0.15638015,-4.6813416
1702,-4.539371,-0.5962314,0.021395516,-4.5141315
1703,-4.6667094,-0.696812,-0.21161333,-4.8583717
1704,-4.6172523,-0.6246499,-0.038197286,-4.6139574
1705,-4.728715,-0.87235534,0.060706317,-4.6154966
1706,-4.6024737,-0.7016402,0.050363004,-4.5775495
1707,-4.662696,-0.59209985,0.038920052,-4.504308
1708,-4.7204947,-0.6870335,0.040902182,-4.584653
1709,-4.590445,-0.6062158,-0.134928,-4.7489195
1710,-4.512574,-0.57646406,-0.09305213,-4.662555
1711,-4.5390086,-0.59118366,0.09370063,-4.529927
1712,-4.519405,-0.5441176,0.073626816,-4.474072
1713,-4.5807195,-0.66424733,-0.26482946,-4.8570294
1714,-4.590011,-0.61497223,-0.10350247,-4.7519298
1715,-4.6598063,-0.70216775,0.1332246,-4.4930615
1716,-4.573767,-0.60646975,-0.09796277,-4.7053647
1717,-4.4874287,-0.5483639,-0.21655151,-4.8015547
1718,-4.6061482,-0.6507553,0.251045,-4.3666506
1719,-4.591618,-0.78389955,0.05612725,-4.5707765
1720,-4.536222,-0.49508065,-0.152476,-4.7252216
1721,-4.517883,-0.40141174,-0.38767555,-4.9320464
1722,-4.8114433,-0.7667626,-0.21993037,-4.814486
1723,-4.5900474,-0.55114144,4.836917e-05,-4.627848
1724,-4.642939,-0.7115376,-0.14160694,-4.6751256
1725,-4.5783033,-0.57406664,-0.10578589,-4.774248
1726,-4.496886,-0.4059239,-0.28349486,-4.853201
1727,-4.4724784,-0.512395,-0.14845443,-4.7638626
1728,-4.6261797,-0.69653535,-0.07100582,-4.726959
1729,-4.44922,-0.44319892,-0.20381233,-4.8094983
1730,-4.4410214,-0.49368656,-0.22420467,-4.7309284
1731,-4.647629,-0.6714505,-0.10817386,-4.7201095
1732,-4.5758233,-0.6500006,0.122296475,-4.45699
1733,-4.339887,-0.3475085,-0.007688459,-4.5861325
1734,-4.665024,-0.70918363,0.049130544,-4.593861
1735,-4.5855813,-0.6412743,-0.100683674,-4.6938543
1736,-4.6245527,-0.61615247,-0.10629247,-4.724079
1737,-4.560294,-0.55609107,-0.08011128,-4.6379657
1738,-4.4843106,-0.5543279,0.08921555,-4.4786186
1739,-4.6771626,-0.739292,0.018822193,-4.648453
1740,-4.6095347,-0.6973895,-0.17842425,-4.783045
1741,-4.578189,-0.5817673,-0.19744027,-4.7920594
1742,-4.435828,-0.44223684,-0.03686568,-4.654594
1743,-4.464496,-0.4440002,-0.110094905,-4.7334704
1744,-4.5212197,-0.44999933,-0.14397267,-4.632858
1745,-4.6275897,-0.6253996,-0.02435188,-4.61266
1746,-4.5247693,-0.5963773,0.12572643,-4.563116
1747,-4.524776,-0.45996708,-0.08100109,-4.6995664
1748,-4.6074305,-0.5664757,0.057228625,-4.574811
1749,-4.5074763,-0.51088786,-0.005780682,-4.652609
1750,-4.4245057,-0.44846135,-0.18433927,-4.752062
1751,-4.5989532,-0.6349317,-0.03872615,-4.6310506
1752,-4.58907,-0.5757476,-0.0182087,-4.6323395
1753,-4.405756,-0.46132168,-0.14398913,-4.7344403
1754,-4.5653305,-0.52226996,-0.19256209,-4.774372
1755,-4.4527526,-0.48049957,-0.02186191,-4.6294312
1756,-4.6567087,-0.6935482,0.021168344,-4.589516
1757,-4.529042,-0.5618215,-0.04063335,-4.621878
1758,-4.5065117,-0.47968146,0.26506245,-4.34331
1759,-4.690628,-0.6599485,-0.011975795,-4.533443
1760,-4.5421567,-0.47780055,0.0059912503,-4.5843744
1761,-4.635324,-0.6802933,0.11332672,-4.495641
1762,-4.5655727,-0.5384857,-0.13308682,-4.705457
1763,-4.6383557,-0.6835646,0.027919568,-4.62101
1764,-4.61764,-0.6617801,-0.12652965,-4.774487
1765,-4.543836,-0.4931264,-0.027782746,-4.580046
1766,-4.601826,-0.61126333,-0.03389743,-4.67311
1767,-4.6584115,-0.6538993,0.055676877,-4.550579
1768,-4.44834,-0.47877565,-0.15273377,-4.7439413
1769,-4.605144,-0.6674761,-0.115914226,-4.676568
1770,-4.662639,-0.6310493,0.018152455,-4.6043572
1771,-4.5726223,-0.707934,0.16962601,-4.4942656
1772,-4.634513,-0.5911734,-0.13909942,-4.781725
1773,-4.568215,-0.59366506,-0.029233634,-4.5919456
1774,-4.551544,-0.5467204,-0.038584232,-4.6061807
1775,-4.606015,-0.7013851,-0.015337039,-4.604022
1776,-4.4705915,-0.41435188,-0.00025196373,-4.5929203
1777,-4.67777,-0.7681755,0.121320575,-4.5218015
1778,-4.6649837,-0.7341343,0.026720293,-4.604638
1779,-4.480236,-0.63741785,0.030930355,-4.539787
1780,-4.668856,-0.71079856,0.05533845,-4.5058227
1781,-4.4972463,-0.45416856,-0.17973107,-4.6981773
1782,-4.679283,-0.679464,0.071771376,-4.5393124
1783,-4.625924,-0.6464139,-0.07846536,-4.655315
1784,-4.4764266,-0.45917243,-0.11691028,-4.701685
1785,-4.5162683,-0.58019435,-0.24945489,-4.852882
1786,-4.6370173,-0.7166005,-0.084955,-4.625337
1787,-4.6435976,-0.67083395,0.13883145,-4.5359793
1788,-4.4247413,-0.4834019,-0.16531906,-4.72316
1789,-4.407551,-0.4394592,-0.1658134,-4.7569366
1790,-4.52832,-0.5329801,-0.1104228,-4.6663837
1791,-4.724379,-0.67500997,-0.05663529,-4.6417546
1792,-4.5907145,-0.5986394,-0.21792674,-4.7648396
1793,-4.52817,-0.5780434,-0.09756018,-4.718917
1794,-4.5741854,-0.5254499,-0.17897645,-4.785437
1795,-4.551524,-0.54744,0.074273296,-4.4707065
1796,-4.517556,-0.5303153,0.0880671,-4.5552316
1797,-4.637445,-0.7547674,-0.17505977,-4.767195
1798,-4.702438,-0.7089086,-0.04712283,-4.6084566
1799,-4.578763,-0.5197749,-0.20800568,-4.796208
1800,-4.494076,-0.5713175,-0.11219043,-4.681012
1801,-4.460129,-0.4640897,-0.1736575,-4.7458158
1802,-4.659634,-0.65772235,-0.31747586,-4.967596
1803,-4.4773784,-0.42411146,-0.08514006,-4.646364
1804,-4.630987,-0.75110376,0.10266684,-4.5007653
1805,-4.602478,-0.5916069,-0.08737313,-4.6779294
1806,-4.5375023,-0.6426941,-0.034125477,-4.602366
1807,-4.6188936,-0.50074863,-0.085527346,-4.700947
1808,-4.672099,-0.80877316,0.05236815,-4.5381765
1809,-4.5432053,-0.5775808,0.022136971,-4.6097293
1810,-4.6375575,-0.6145264,-0.1982069,-4.786636
1811,-4.5372596,-0.5177707,-0.12304491,-4.739053
1812,-4.530199,-0.5452683,0.056592263,-4.482646
1813,-4.486618,-0.62260175,-0.0029531047,-4.631829
1814,-4.598596,-0.65597266,-0.13632709,-4.742387
1815,-4.5590844,-0.5144162,-0.0042233006,-4.651861
1816,-4.5275664,-0.50500834,-0.20509231,-4.7437844
1817,-4.4801207,-0.5111813,-0.089380816,-4.67049
1818,-4.584816,-0.6359457,-0.27394,-4.8213243
1819,-4.5156546,-0.6177275,-0.21817794,-4.765715
1820,-4.527673,-0.53180504,-0.075014435,-4.6860266
1821,-4.462499,-0.51399726,-0.20511761,-4.79349
1822,-4.604573,-0.65049756,-0.22286431,-4.804875
1823,-4.560844,-0.5265098,-0.35472897,-4.9109793
1824,-4.5441513,-0.6050586,-0.0058796257,-4.6115723
1825,-4.524731,-0.5528874,-0.014134169,-4.6412106
1826,-4.6051435,-0.7078007,0.10705258,-4.525673
1827,-4.484404,-0.49384916,-0.20820442,-4.8096642
1828,-4.4535007,-0.5368705,0.097558305,-4.532508
1829,-4.4794135,-0.46538788,-0.28674087,-4.821524
1830,-4.4906783,-0.5903567,-0.37973976,-4.956804
1831,-4.5041695,-0.5035313,-0.064814925,-4.6568885
1832,-4.5977383,-0.63668597,0.019120574,-4.5572667
1833,-4.5209184,-0.55779433,0.06454615,-4.523175
1834,-4.68592,-0.7260018,-0.13277404,-4.751084
1835,-4.770472,-0.6956333,0.12716538,-4.5383677
1836,-4.614333,-0.58606344,-0.1445638,-4.701151
1837,-4.709806,-0.7758741,0.12731221,-4.4766154
1838,-4.625353,-0.5497287,-0.035174597,-4.638522
1839,-4.5496492,-0.57089233,-0.1255262,-4.7447305
1840,-4.6558414,-0.69731677,-0.28630605,-4.854782
1841,-4.561069,-0.62963146,-0.10096574,-4.743083
1842,-4.526418,-0.60457486,0.060293227,-4.539711
1843,-4.587487,-0.7177297,0.04581812,-4.549305
1844,-4.487763,-0.44053304,-0.15350491,-4.744332
1845,-4.582872,-0.6428946,-0.14371845,-4.7264066
1846,-4.530073,-0.595773,-0.16921988,-4.746648
1847,-4.658558,-0.73109484,0.13954705,-4.5119076
1848,-4.5668316,-0.57018757,-0.16632943,-4.765369
1849,-4.7509604,-0.7676646,-0.23249307,-4.8208623
1850,-4.559918,-0.5462591,-0.064250365,-4.734996
1851,-4.707012,-0.77535105,-0.016356234,-4.582063
1852,-4.5041413,-0.518363,-0.020372659,-4.6533875
1853,-4.558435,-0.49033153,-0.25195983,-4.8914
1854,-4.6546526,-0.7369379,-0.0868348,-4.652528
1855,-4.445999,-0.34041712,-0.2623224,-4.827691
1856,-4.4875374,-0.54735017,-0.1588155,-4.7186003
1857,-4.559322,-0.5316607,-0.21164721,-4.7546124
1858,-4.473084,-0.44200933,-0.16494288,-4.724272
1859,-4.603915,-0.6714889,0.009514637,-4.628225
1860,-4.4856825,-0.5051068,-0.06270187,-4.704672
1861,-4.6398706,-0.5935259,0.062365394,-4.563297
1862,-4.506854,-0.5576409,0.043083712,-4.5474453
1863,-4.509316,-0.46418822,-0.21491376,-4.7292323
1864,-4.5243707,-0.53262943,-0.19144759,-4.802325
1865,-4.560119,-0.5748517,-0.09769164,-4.6210527
1866,-4.3141384,-0.37859988,-0.14252788,-4.6837068
1867,-4.530057,-0.6210482,0.07924108,-4.465845
1868,-4.5351057,-0.59189385,-0.12217156,-4.728726
1869,-4.5116982,-0.48576397,-0.13091901,-4.741616
1870,-4.6507955,-0.68149394,-0.26713103,-4.834045
1871,-4.5531173,-0.48740965,-0.2428551,-4.7909517
1872,-4.6181154,-0.6176064,-0.09641959,-4.7001643
1873,-4.565857,-0.58395565,-0.31657928,-4.8904743
1874,-4.5527334,-0.6676687,-0.08336878,-4.673549
1875,-4.6590347,-0.63447714,0.11306512,-4.5454745
1876,-4.662323,-0.6954499,-0.13864477,-4.79833
1877,-4.646081,-0.5239688,-0.22182788,-4.826506
1878,-4.503324,-0.5240197,-0.23319234,-4.782329
1879,-4.4903326,-0.47636175,-0.27820164,-4.885218
1880,-4.477339,-0.5395953,-0.11486201,-4.671223
1881,-4.4489307,-0.4366152,-0.16114253,-4.793192
1882,-4.5110364,-0.57086766,-0.05932375,-4.6751566
1883,-4.4761467,-0.41100687,-0.19248582,-4.7321687
1884,-4.6146035,-0.7143455,-0.06420565,-4.600855
1885,-4.4380283,-0.48982474,-0.13492343,-4.7655077
1886,-4.6190596,-0.6757176,0.0698435,-4.544319
1887,-4.659613,-0.6477463,-0.10994725,-4.67636
1888,-4.586535,-0.5210328,-0.15038252,-4.7593265
1889,-4.6685343,-0.6964838,-0.07666031,-4.6664476
1890,-4.392826,-0.4671536,-0.070987225,-4.659951
1891,-4.530563,-0.5956906,-0.10902004,-4.650629
1892,-4.585371,-0.67288667,0.082443506,-4.477881
1893,-4.522644,-0.59107035,-0.25362718,-4.809284
1894,-4.5761642,-0.60780835,-0.120241426,-4.6805897
1895,-4.7240453,-0.75538945,0.095140524,-4.5610547
1896,-4.437932,-0.36805424,-0.19191575,-4.724385
1897,-4.4402313,-0.38598663,-0.057214238,-4.623001
1898,-4.452713,-0.4812193,-0.006556794,-4.551053
1899,-4.5686817,-0.53033847,-0.08769548,-4.697723
1900,-4.674892,-0.73608387,0.065799266,-4.5195794
1901,-4.536496,-0.47624448,0.029701859,-4.539483
1902,-4.6056294,-0.60620284,-0.2991121,-4.888376
1903,-4.5656767,-0.54317194,0.011966203,-4.608248
1904,-4.5067387,-0.5391484,-0.17174973,-4.796803
1905,-4.534132,-0.595987,-0.14840387,-4.7878146
1906,-4.5349865,-0.5174092,-0.29875955,-4.8158674
1907,-4.6229267,-0.62034273,0.017639033,-4.672275
1908,-4.5913124,-0.65749174,0.04950566,-4.51795
1909,-4.4467473,-0.41011843,-0.1718134,-4.695943
1910,-4.5331273,-0.5541487,-0.04350572,-4.668204
1911,-4.5557365,-0.4603987,-0.14673881,-4.6722507
1912,-4.4934206,-0.5878318,-0.23480856,-4.888815
1913,-4.502127,-0.5356142,-0.12253759,-4.6920996
1914,-4.4971128,-0.47549725,-0.050064653,-4.59678
1915,-4.4824686,-0.5291325,-0.39613748,-4.8993583
1916,-4.578368,-0.610963,0.008490115,-4.625895
1917,-4.571679,-0.59398156,0.024420219,-4.566029
1918,-4.556438,-0.6121547,-0.014772341,-4.671379
1919,-4.6484923,-0.68964607,0.07106008,-4.5323067
1920,-4.366266,-0.37963742,-0.23895329,-4.798645
1921,-4.589907,-0.5841393,-0.05030308,-4.6410375
1922,-4.742538,-0.8433338,0.12232745,-4.511745
1923,-4.6599526,-0.6836576,0.113182165,-4.5782976
1924,-4.696964,-0.72725743,-0.14641002,-4.777159
1925,-4.635759,-0.64603436,0.046436384,-4.576819
1926,-4.5200796,-0.55602145,-0.06700313,-4.650682
1927,-4.5469933,-0.5566738,0.19285855,-4.473976
1928,-4.5984564,-0.56900245,-0.039648086,-4.59956
1929,-4.6121545,-0.6918194,-0.16576988,-4.6968594
1930,-4.7069902,-0.7510711,-0.0726375,-4.7390976
1931,-4.5040793,-0.4441352,0.033121884,-4.5447326
1932,-4.501637,-0.5215939,-0.024235092,-4.655251
1933,-4.5793686,-0.51306117,-0.01879507,-4.6375647
1934,-4.3981156,-0.3523153,-0.33989525,-4.954955
1935,-4.522173,-0.5791154,-0.19241235,-4.7135096
1936,-4.4828453,-0.44089773,-0.30465078,-4.940842
1937,-4.479023,-0.5474049,-0.1594862,-4.7599087
1938,-4.644135,-0.67628926,-0.0929434,-4.7260356
1939,-4.50174,-0.55711085,-0.051580835,-4.6125236
1940,-4.615724,-0.69918984,-0.20211391,-4.8301473
1941,-4.491354,-0.5831173,-0.11440006,-4.704432
1942,-4.5461245,-0.54737395,-0.2643097,-4.783231
1943,-4.4622416,-0.57553077,-0.13962081,-4.699502
1944,-4.5878987,-0.5982228,-0.015651051,-4.585746
1945,-4.660959,-0.7562979,0.16519365,-4.4811215
1946,-4.5649514,-0.61989725,0.068349674,-4.491022
1947,-4.670086,-0.61536884,-0.14680344,-4.755941
1948,-4.6658626,-0.6974165,0.18862547,-4.4494967
1949,-4.579605,-0.58286786,-0.004028501,-4.6697917
1950,-4.6752367,-0.58014405,-0.08836436,-4.7206798
1951,-4.432021,-0.5188469,-0.20799673,-4.814674
1952,-4.6051235,-0.57656896,-0.19889283,-4.7841907
1953,-4.5632057,-0.64258575,-0.109319314,-4.7369046
1954,-4.5238967,-0.5102662,0.07892603,-4.493297
1955,-4.7339163,-0.7399596,0.059362948,-4.591507
1956,-4.694991,-0.68543345,-0.26368868,-4.8464284
1957,-4.5100946,-0.5090394,-0.028924175,-4.6081843
1958,-4.5159926,-0.5196212,-0.42437553,-4.9743786
1959,-4.425702,-0.4235405,-0.060432687,-4.598371
1960,-4.537299,-0.5570425,-0.06613564,-4.623739
1961,-4.611291,-0.57958835,-0.22725153,-4.7457404
1962,-4.407495,-0.42791677,0.015232369,-4.566741
1963,-4.667712,-0.6984284,-0.09116118,-4.71661
1964,-4.620665,-0.5737581,0.01746317,-4.570624
1965,-4.4496517,-0.46650803,-0.013949931,-4.6223106
1966,-4.5252357,-0.44176897,-0.13068853,-4.6517625
1967,-4.584449,-0.6537724,-0.0285233,-4.600255
1968,-4.5123267,-0.5216799,-0.06631228,-4.6145196
1969,-4.6283364,-0.5992622,-0.05813384,-4.6711035
1970,-4.5448394,-0.61273456,-0.067611754,-4.6213226
1971,-4.7032976,-0.68988895,0.113183156,-4.51663
1972,-4.5443554,-0.6715594,0.023347102,-4.5626636
1973,-4.4923115,-0.50399715,-0.3126544,-4.8766346
1974,-4.5099463,-0.5774697,0.015297204,-4.6051097
1975,-4.6326127,-0.6505816,-0.22764978,-4.8047256
1976,-4.4057155,-0.43683475,-0.25775376,-4.784895
1977,-4.567916,-0.5661837,-0.10735424,-4.7176657
1978,-4.5777183,-0.62321484,-0.21064328,-4.7666793
1979,-4.673598,-0.73392284,0.003780976,-4.625943
1980,-4.448428,-0.4152339,-0.22127232,-4.8849735
1981,-4.746845,-0.7500382,-0.06316081,-4.7090387
1982,-4.463839,-0.462605,-0.14619273,-4.667205
1983,-4.503107,-0.5157378,0.19367453,-4.442214
1984,-4.4732494,-0.53613895,-0.18511151,-4.734945
1985,-4.6933146,-0.69584316,-0.30662507,-4.938874
1986,-4.7262025,-0.77262557,0.0026381053,-4.615133
1987,-4.63349,-0.5968031,0.1531029,-4.4850535
1988,-4.5585966,-0.561059,-0.16353157,-4.706057
1989,-4.6670837,-0.6921587,0.026628025,-4.535079
1990,-4.556492,-0.5075194,-0.18441646,-4.7214003
1991,-4.496924,-0.6445944,-0.19884522,-4.7602644
1992,-4.547512,-0.55469257,-0.08895537,-4.61855
1993,-4.6217494,-0.76732457,0.13425899,-4.517652
1994,-4.5578156,-0.60921025,0.020209871,-4.570938
1995,-4.510416,-0.46023571,-0.13065857,-4.6936913
1996,-4.5821967,-0.5784934,0.05718824,-4.509975
1997,-4.6693783,-0.6442327,0.022388645,-4.586956
1998,-4.4749613,-0.54969347,0.0043594213,-4.6659846
1999,-4.6272984,-0.69459707,-0.19025293,-4.804799
